channelTitle,channelId,videoId,title,publishedAt
짹Xaeik,,jmxhKpkuVSg,이세계아이돌 Kidding챌린지 댄스커버 ❤️‍🔥 #이세계아이돌 #kidding #이세돌,2023-10-10T02:37:22Z
호정 이,,NxYTu0dkk70,#이세계아이돌 #키딩챌린지 #키딩 #쇼츠 #kidding #shorts,2023-10-09T12:27:07Z
가릿겟겟 gotta getget,,Tet3HLYoSGs,키딩챌린지 1일차 앤딩포즈까지 완.벽 했다..☆ #키딩 #키딩챌린지 #kidding #이세계아이돌 #이세돌,2023-10-09T12:21:24Z
이연지,,qLe2ajgo2Os,#shorts #kidding #키딩#키당챌린지#이세계아이돌#이연지#챌린지#challenge,2023-10-09T11:26:54Z
Pel,,9gz1u-7qBCQ,제가 못추는게 아니라 공간이 좁아서 그래요 #KIDDING #키딩 #키딩챌린지 #이세계아이돌 #이세돌,2023-10-09T10:38:41Z
혜엱,,oeX4GZ4zFRo,키딩 챌린지 #이세계아이돌  #이세돌 #왁타버스 #zepeto #재페토 #박자안맞을지도,2023-10-09T09:40:48Z
유성,,2XF_vxEU_VI,키딩 챌린지 탑승✌🏻 #이세계아이돌 #kidding,2023-10-09T09:10:27Z
zpt_수연,,zhNsHKRj4fI,#키딩챌린지 #키딩 #이세계아이돌 #아이네 #릴파 #고세구 #비챤 #주르르 #징버거 님 #zpt #kiddingchallenge,2023-10-09T06:06:59Z
뽀송_love,,v13qmUaRwxI,#포용계 #쇼츠 #다이소 #asmr #키딩챌린지 #이세계아이돌 #포장계 #자포자뜯#포장#뉴진스,2023-10-09T04:14:23Z
히루,,ueQbP9ubs3M,이세계아이돌 kidding 챌린지! 쫌 늦게 한것같긴 하지만..;; | #키딩 #키딩챌린지 #kidding #kiddingchange #kidding챌린지 #이세돌 #이세계아이돌,2023-10-09T01:37:35Z
머랭🍦,,JSSh9ll6zcc,이세돌 키딩(KIDDING) 챌린지 {이 영상의 좋아요가 30이 넘는다면 제가 직접 추겠습니댜}#capcut #zepeto #제페토#이세계아이돌 #KIDDING#키딩챌린지,2023-10-09T00:36:44Z
호서tv,,TD1ErqoBXiQ,#제페토 #이세계아이돌 #Kidding 챌린지,2023-10-08T21:00:25Z
인게이지 Ingauge,,mo_3x-5USuc,마인크래프트 이세계아이돌 - KIDDING (키딩) 챌린지 REMAKE ver.,2023-10-08T20:11:23Z
인게이지 Ingauge,,DonpR1O7odg,마인크래프트 이세계아이돌 - KIDDING (키딩) 챌린지 REMAKE ver.  #shorts,2023-10-08T20:07:32Z
왁타버스 WAKTAVERSE,,7jG6bY9Gkf8,아카데미도 합니다!! KIDDING 챌린지 #Shorts,2023-10-08T18:01:36Z
린제Linze,,xvsrZ3-vLUY,💛징버거 코스프레로 키딩 챌린지! #shorts #이세계아이돌 #kidding,2023-10-08T15:55:33Z
블루윙즈 단비,,OIMLxtNLBkI,이세계아이돌 키딩[Kidding] 챌린지  #수원삼성 #블루윙즈 #k리그 #이세계아이돌 #kidding #빅버드,2023-10-08T15:26:44Z
나리🧸,,67DwOaievjo,#이세계아이돌 #KIDDING #주르르   저도 키딩 챌린지 참여!!! #박자안맞음 #화질,2023-10-08T14:20:39Z
뱅키Bangkey,,MRXhp3GI4TQ,#kidding #이세계아이돌 #키딩챌린지,2023-10-08T13:21:32Z
케찹머스타드,,PTav6B35oyw,프세카 뮤비로 이세돌 슈퍼히어로 챌린지ㅋㅋㅋㅋ #プロジェクトセカイ #이세계아이돌,2023-10-08T12:41:40Z
해류,,1EbCC3zKPGU,#키딩챌린지#이세계 아이돌#리즘아 알고리즘좀...,2023-10-08T11:19:05Z
블랭크 BLANK,,Ew2Y6LVCcPg,#shorts | ✌️키딩챌린지✌️ 킹아~ | #이세돌 #키딩챌린지  #이세계아이돌 #블랭크,2023-10-08T11:00:16Z
로엘라,,mv38bQQYhgE,#이세계아이돌 챌린지,2023-10-08T10:58:20Z
최강 곰돌릐rrr최빠방이,,a6hNTrZbrG4,이세계아이돌 kidding챌린지!,2023-10-08T10:02:41Z
반도의 흔한 과학쌤,,HbBkORpRwrY,반도의 흔한 과학쌤이 추는 이세계아이돌 키딩🩵 #키딩 #키딩챌린지 #이세돌 #이세계아이돌 #반도의흔한과학쌤,2023-10-08T09:22:01Z
눈누난나,,RXGs9NMONog,이세계아이돌#챌린지#유행#제페토#1빠 고정,2023-10-08T09:15:56Z
달타,,UBLktgCNdbA,이세계아이돌(ISEGYE IDOL) - Superhero (슈퍼히어로)ㅣDance 챌린지 #shorts,2023-10-08T08:00:12Z
혜율잉💙,,O26WoSIE9G8,축제 가기전에 추는 키딩키딩 챌린지#이세계아이돌,2023-10-08T06:55:59Z
바나나tv,,R3hPCYwSSw0,[이세계아이돌(ISEGYE IDOL) KIDDING(키딩) #출저 #제페토 #템플릿 #이세계아이돌 #이세돌 #ISEGYE_IDOL  #KIDDING #키딩챌린지,2023-10-08T06:00:08Z
혜율잉💙,,vbmCXwb4EeE,거울샷 모자쓰고 추는 키딩키딩 챌린지#이세계아이돌,2023-10-08T05:03:21Z
드퀴니 아트랩,,mESXvmEe-nk,소율우유님과 #KIDDING #키딩챌린지,2023-10-08T05:01:50Z
 낙비의 다락방 sonakbi,,d4xnLGIZpTk,키딩막차탑승♡? #이세계아이돌 #키딩챌린지,2023-10-08T02:59:16Z
타마유,,rQWPj_rJUxk,나의 2d아바타도 이세계아이돌 키딩 챌린지!~ #이세계아이돌#키딩#2d아바타,2023-10-08T01:51:37Z
케찹머스타드,,afpzVRnQnfU,또 프세카 뮤비로 챌린지 했습니다. 프세카 뮤비에 이세계아이돌(이세돌) - super hero (슈퍼 히어로),2023-10-08T01:03:21Z
핑크젤리TV,,wq4vG_Oz2SQ,키딩챌린지#shorts#kiding#이세돌#이세계아이돌,2023-10-08T00:39:10Z
ㅅㅇ🐶,,fBhUPkbWOik,#이세돌 #이세계아이돌 #키딩챌린지,2023-10-07T22:07:30Z
LUNA_루나,,2ZeLfK8VNQ0,#이세계아이돌 #kidding #fyp #shorts #zepeto #challenge,2023-10-07T21:12:43Z
하솜&채원TV,,asJSi0XqvhU,이세계 아이돌 챌린지 Kidding lsekai ldol Challenge #부끄부끄 #알고리즘아도와줘 #알고리즘떠라 #알고리즘제발   #지침,2023-10-07T15:15:43Z
하루밍はるみん,,Gz0bUN5cmME,KIDDING(릴파 연습실 ver.) #키딩챌린지 #이세계아이돌,2023-10-07T14:18:56Z
하루밍はるみん,,dXQDc4DhocM,KIDDING 연습(릴파 파트) #이세계아이돌 #키딩챌린지,2023-10-07T14:19:07Z
혜율잉💙,,q7cV0M8mjoI,롯데마트에서 추는 키딩키딩챌린지#이세계아이돌#,2023-10-07T13:06:27Z
왁타버스 WAKTAVERSE,,xhvRXLhiiFM,KIDDING 챌린지 고정멤버 총 출동? #Shorts,2023-10-07T09:11:42Z
바나나tv,,Q5BOdSNGTSM,[이세계아이돌(ISEGYE IDOL) KIDDING(키딩) #출저 #제페토 #템플릿 #이세계아이돌 #이세돌 #ISEGYE_IDOL  #KIDDING #키딩챌린지,2023-10-07T06:00:09Z
갈비퀸 galbiqueen,,MpqWCAJAcqc,일품나라 MZ 신입사원 #키딩챌린지 #이세계아이돌 #kidding #키딩 #댄스 #춤 #회사원 #일품나라,2023-10-07T06:00:05Z
깜찍이레나,,4ctip3YHSnE,키딩 챌린지🐬 #키딩챌린지 #이세계아이돌 #제페토 #알고리즘떠라 #관리자님추천뜨게해주세요 #추천,2023-10-07T05:24:00Z
슈퍼슈퍼,,UgSSDThqH6w,예전보단 나짜나요!#키딩챌린지 #이세계아이돌 #구독필수 #안뇽,2023-10-07T04:56:30Z
해마뮤직 seahorse music,,Ze6xJJwqC-4,피아노 건반 6개로 🎹 쉽게 연주하는 #이세계아이돌 #kidding #키딩챌린지 #이세돌 💖 #피아노연주 #피아노커버,2023-10-07T02:00:09Z
이재원TV,,JLoEql8VFfY,남자버전 이세계아이돌 #kidding 챌린지 #이세돌 #이세계아이돌 #고세구 #키딩 | H.O.T. 이재원,2023-10-06T13:27:02Z
주르르 JURURU,,14bGbonHTXQ,입국심사에서 유튜브 보여주기,2023-10-06T09:15:01Z
meverse,,1R7RzkepRD0,[ZEPETO] 이세계 아이돌(ISEDOL) - Kidding Challenge,2023-10-06T08:28:12Z
Lala and Lulu,,EhgRw9kDjh8,이세계아이돌 KIDDING 챌린지 🎵,2023-10-06T07:00:10Z
주은,,qommOqvEZEs,[ZEPETO] 이세계아이돌 KIDDING 챌린지 #이세계아이돌 #키딩 #KIDDING #버츄얼 #릴파 #고세구 #비챤 #징버거 #아이네 #주르르,2023-10-06T06:43:21Z
삐야기,,FnOun_gniP0,우리 삐둥이들의 최애즈는 누구야? #KIDDING #키딩챌린지 #이세계아이돌 #이세돌 #삐야기,2023-10-05T22:00:06Z
다이아가넷,,4-qCPqIXk9c,💎키딩 챌린지#키딩#키딩챌린지#다이아가넷#다이아#이세계아이돌 #kidding,2023-10-05T15:58:57Z
다이아가넷,,O3-HV4NwwbY,♦️키딩 챌린지 #키딩 #키딩챌린지#다이아가넷 #가넷#KIDDING#이세계아이돌,2023-10-05T16:00:34Z
케지민 kejimin,,wQltl121D44,키딩챌린지 이세돌이 될수 있을꽈? #케지민 #kejimin #이세계아이돌 #kidding,2023-10-05T05:15:01Z
센티미터,,7EZKBK4sV6g,암어 슈퍼 히어로  #이세계아이돌 #shorts #슈퍼히어로챌린지,2023-10-04T17:30:06Z
연합뉴스TV,,NDjDzvfoSXk,가상 이미지 뒤에 사람 있다…&#39;버추얼 아이돌&#39; 뜬다 / 연합뉴스TV (YonhapnewsTV),2023-10-03T23:33:11Z
징버거 JINGBURGER,,AVzw5D9BSEs,KIDDING😺고양이 챌린지🐾💕 #shorts  #이세계아이돌 #징버거,2023-10-03T11:00:06Z
Aloha채릉,,JNHm6damMT0,#shorts 슈퍼히어로💓🦸‍♂️ #Superhero #슈퍼히어로 #슈히챌린지 #이세계아이돌 #이세돌,2023-10-02T13:15:25Z
뷸댥,,UHTccwNqWeY,종강에 목이 마른 대학생들의 챌린지 #Superhero #슈퍼히어로 #슈히챌린지 #이세계아이돌 #이세돌,2023-10-02T09:26:09Z
해린이 예쁘다,,Sn765U__fdo,진짜 겁나 좋은 이세계 아이돌 SUPERHSRO #이세돌#아이네#릴파#비챤#징버거#주르르#고세구,2023-10-01T09:04:59Z
징버거 JINGBURGER,,T1DnmjwkCmE,이세계아이돌로 모스부호👀 #morsecode #meme #이세계아이돌,2023-10-01T07:45:01Z
마사911,,pADOGyOtNOI,여동생과 슈퍼히어로 챌린지#superhero #슈퍼히어로 #슈히챌린지 #이세계아이돌 #이세돌 #dance #챌린지,2023-10-01T06:36:11Z
버츄어 VIRTUA,,PsZQ5mjkeIQ,[이세돌 리와인드 룰렛 챌린지] - 고음 셔틀 죠아써 모음 #shorts,2023-10-01T06:00:10Z
고세구 GOSEGU,,LHd0a1uu460,닛몰... 오빠?,2023-09-29T10:53:15Z
유크퐁,,Ak0VdmISqrE,#추석  #Virtual 며느리라 죄송합니다🥲❤️ (feat. #이세계아이돌 &amp; #이세계며느리 &amp; #키딩챌린지),2023-09-29T03:49:03Z
코코순자,,muXPmdR3yCo,이세계 아이돌 슈퍼히어로 첼린지 +근데 이제 폴을 곁들인 #superhero #슈퍼히어로 #슈히챌린지 #이세계아이돌 #이세돌 #폴댄스 #루틴폴,2023-09-28T14:59:16Z
진우,,5D20EGRbOzw,룩삼 | 이세계아이돌(ISEGYE IDOL) - KIDDING(키딩) 뮤비 리액션(M/V Reaction),2023-09-28T14:26:23Z
이로 iR0,,HEK3bWykRrE,[ 이세계아이돌 OVER ] Dance Cover,2023-09-28T10:00:12Z
다운업다운,,X352y647UVQ,흔한 여대생 팬치들이 추는 이세계아이돌 SUPERHERO 챌린지 ❤️‍🔥 #superhero #슈퍼히어로 #슈퍼히어로챌린지 #이세계아이돌 #이세돌 #shorts,2023-09-28T09:40:17Z
붕어뚤기,,BYLcrOgbJqI,이세계아이돌 #이세돌 #슈퍼히어로 #슈퍼히어로 챌린지 #superhero ㅔ 저번엔 키딩이였죠? 이번엔 이걸로 비빌거에요 비벼질지는 모르겠지만,2023-09-28T06:55:55Z
medibel_미디벨,,QSkWu01AzlU,이세돌이 게임도 장악했다 #kidding #키딩챌린지,2023-09-28T04:40:07Z
J-Walks,,d56uDn0Paew,한국 &#39;최초&#39; 버츄얼 아이돌 콘서트 실황 (이세계아이돌 리와인드),2023-09-28T04:25:33Z
스브스뉴스 SUBUSUNEWS,,S1bcy4h1mS8,콘서트 티켓 8분 만에 전석 매진시킨다는 버추얼 아이돌 근황 / 스브스뉴스,2023-09-28T02:00:19Z
김다운,,MlFRtOf71Bw,이세계아이돌 Superhero 댄스 챌린지 탑승 #superhero  #슈퍼히어로 #슈히챌린지 #이세계아이돌 #이세돌,2023-09-27T16:04:42Z
Zehnpie,,OskdfDrI5hU,이세계아이돌 (ISEGYE IDOL) - OVER (오버) 이세계 페스티벌 Ver. First Time Reaction 서양팬 반응,2023-09-27T13:16:40Z
호발 HOBAL,,KyCePVKhvyc,키딩에 이어 슈퍼히어로 챌린지도 탑승!! #superhero #슈퍼히어로 #이세돌 #이세계아이돌 #슈퍼히어로챌린지 #dancechallenge #shorts,2023-09-27T12:25:45Z
이로 iR0,,D0t_BLgZLw8,쑤빠-히어로!!!! #Superhero #슈퍼히어로 #슈히챌린지 #이세계아이돌 #이세돌,2023-09-27T11:52:23Z
J-fret 제이프렛 KPOP,,OjmhdPZnwTA,이세계아이돌 Superhero (슈퍼히어로) 리액션 (1부),2023-09-27T11:02:15Z
민수초이,,WxxMZlzW3QA,구해줘 마 슈퍼히로~💘 #이세계아이돌 #이세돌 #Superhero #슈퍼히어로 #슈히챌린지,2023-09-27T10:00:41Z
Pel,,NwIm7YE484c,보지마세요. #Superhero #슈퍼히어로 #슈히챌린지 #이세계아이돌 #이세돌​,2023-09-27T09:56:44Z
클립라이트,,dfMDIYfqG98,리와인드 2년 전 그리고 2년 후.. #이세계아이돌 #이세계페스티벌 #리와인드,2023-09-27T08:50:42Z
댄싱피쉬,,tSHD2Vu9Fps,이세계 페스티벌 못 간 한으로 슈퍼히어로 챌린지😭,2023-09-27T08:40:51Z
김커일,,SJ7qdDqm4dc,남고생 팬치 superhero (많이 못춤) #이세계아이돌  #Superhero #슈퍼히어로       #슈히챌린지 #이세돌,2023-09-27T07:33:22Z
진주덕후 하모TV,,vC1kHm8xCcc,#이세계아이돌 하모도 탑승💙 :3 #이세돌 #키딩챌린지 #shorts #tiktok #funny,2023-09-27T07:27:55Z
동태,,wB2u6amC4fs,왁두쿵야💚의 슈퍼히어로 챌린지#Superhero #슈퍼히어로 #슈히챌린지 #이세계아이돌 #이세돌,2023-09-27T06:32:27Z
흑빈,,1CFfD5yKAUw,이세계 페스티벌 60초 후기 #이세계아이돌,2023-09-26T22:53:15Z
왁타버스 WAKTAVERSE,,fO1jVECjPVo,이세계아이돌 콘서트용 신곡 Superhero #Shorts,2023-09-26T17:30:04Z
한솜 Hansom,,yZ6wZiT8Rr0,60kg도 아이돌 데뷔합니다 🫶 #이세계아이돌 #키딩챌린지 #66사이즈 #dancecover,2023-09-26T11:00:50Z
J-Walks,,RQo3xQo-XB4,[4K 직캠] 이세계아이돌 데뷔곡 &#39;리와인드&#39; 최초 라이브 + 떼창 (이세계 페스티벌),2023-09-26T01:00:09Z
카린야 Calinya,,l4OEcw5Izwc,이세계아이돌(ISEGYE IDOL) - Superhero (슈퍼히어로)ㅣDance 챌린지 #shorts,2023-09-25T20:49:16Z
왁타버스 WAKTAVERSE,,wyhwJnNpVJI,이세계아이돌 (ISEGYE IDOL) - Superhero (슈퍼히어로) 이세계 페스티벌 Ver.,2023-09-25T17:00:45Z
왁타버스 WAKTAVERSE,,i4SRH9jfUMQ,이세계아이돌 (ISEGYE IDOL) - OVER (오버) 이세계 페스티벌 Ver.,2023-09-25T17:00:41Z
곰발바닥섬,,c5YUTVnpCHA,이세계아이돌 - RE:WIND 챌린지 #이세계아이돌 #이세돌 #shorts,2023-09-25T13:53:37Z
pajamas_dancer,,a-CUQHIGAq0,이세계아이돌-KIDDING(2023/9/25)#댄스#댄서#춤#댄서석류#파자마댄서#pajamas_dancer#챌린지#이세계아이돌#KIDDING#이세돌#웹툰#신인개발팀#아이돌지망생,2023-09-25T08:30:01Z
닛몰캐쉬,,Ex07ZiqAvkc,이세계 페스티벌 30초 요약,2023-09-24T12:13:54Z
헨지HENZY,,zR0QCbqAw94,이세계 아이돌 챌린지 #shorts,2023-09-24T12:08:19Z
샤누,,Sj9DJ5FoiTw,이세계 페스티벌 리와인드 떼창,2023-09-24T09:17:50Z
미즈키만 평생 바라보는 [🍒카마도 네즈코🍒],,AugxB11It1Q,이세계 아이돌!#최애의아이#kidding챌린지#참금#아이#루비#아카네#카나#MEM쵸#네즈코만의_태그#떡상_플리즈,2023-09-24T06:30:41Z
왕주디 테레비,,5qCZyNsMPXU,이세계페스티벌에서 키딩챌린지 #이세계아이돌 #이세돌 #송도달빛축제공원 #키딩 #키딩챌린지 #kidding #이세계페스티벌,2023-09-23T13:12:32Z
말하눈펭귄,,JlEo6YFEe1s,이세계아이돌 (ISEGYE IDOL) - OVER (오버) [ISEGYE Festival 이세계 페스티벌],2023-09-23T12:36:15Z
쭈♡,,0jvpgLW2aVs,#이세계아이돌 #키딩챌린지 #키딩#이세돌 #우왁굳#10살,2023-09-23T12:16:18Z
댄싱뿌요,,H7ldyw-uVok,기분상태20프로#100 #키딩챌린지 #kidding #이세계아이돌 #유행댄스,2023-09-23T10:15:27Z
{🩵알띠나Ringqueen🩵},,bzBIa4ii69U,키딩 추기! #13년생 #키딩챌린지 #이세계아이돌 #이세돌,2023-09-23T04:27:12Z
예쓰TV,,yrlNe76KAlE,이세계아이돌_KIDDING 댄스 챌린지 #이세돌 #키딩 #키딩챌린지 #초3 #어린이 #귀여움,2023-09-23T03:00:23Z
나들 | 달팽이 집사,,vXiBW3nvfs8,달팽이 집사 - 이세계 아이돌 KIDDING 챌린지 그림 #키딩 #키딩챌린지 #그림유튜버 #이세돌,2023-09-22T22:48:20Z
나봉조봉💗,,qRiE8RjHmJ0,키딩~키딩~#이세계아이돌 #키딩챌린지 #shorts,2023-09-22T15:11:56Z
짤툰,,eG4NHfABuSE,[짐승친구들] 버츄얼 유튜버 땅땅이의 #키딩챌린지 입니땅!!!,2023-09-22T09:00:34Z
하리 Hari,,oeojc1yru3o,이세계아이돌이되겠어#이세돌 #키딩챌린지 #dancechallenge #kidding #이세계아이돌,2023-09-22T07:41:22Z
소희tv,,Y0JiwGg1WRM,지연이와 소이의 이세계 아이돌 챌린지.,2023-09-21T12:36:40Z
소나월드 SonaWorld,,XUeDb-SxGbM,I love this song💙 #이세계아이돌 #fyp #soonent,2023-09-21T12:26:42Z
비르 VIR,,b_C5a8-GyFo,음지 아이돌 🌑 #지하세계아이돌 #이세계아이돌 #키딩 #kidding,2023-09-21T11:35:24Z
은송 love♥,,P6nc_KiN-YA,이세계 아이돌 kidding#kiddingchallenge#kidding  #challenge#shorts#04년생 #dance#20살#이세계아이돌 #추천#구두,2023-09-21T11:04:51Z
밍들,,Uhy1d8Tl8As,키딩 챌린지 막차 아직 안갔다고 말해주세요..[밍들] #키딩챌린지#이세돌#이세계아이돌#우왁굳#왁타버스#키딩,2023-09-21T08:31:50Z
은송 love♥,,tAyxjBg2O1Q,이세계 아이돌 kidding#kiddingchallenge#kidding#구두 #challenge#shorts#04년생#dance#20살#이세계아이돌#추천,2023-09-21T01:39:12Z
이돌봄,,Q8ToAAUr6qE,이세계 아이돌 챌린지! #Kidding(키딩챌린지) #이세돌 #Shorts,2023-09-20T16:35:47Z
은송 love♥,,-cpgpLLwoVM,이세계 아이돌 kidding#kiddingchallenge#kidding #challenge#shorts#04년생#dance#20살#이세계아이돌#추천,2023-09-20T11:15:03Z
하리보💜,,mNCDgkSYLEQ,이세계 아이돌 &#39;KIDDING&#39;댄스커버 #챌린지 #댄스커버 #이세돌 #키딩 #하리보💜,2023-09-20T10:26:07Z
키고 KEEGO OFFICIAL,,8EPHgDwMIRY,🔥왁타벅스🔥 이세계아이돌 &quot;키딩&quot; 챌린지 참여해보세요 DJING😊🎶#shorts #이세계아이돌 #왁타버스,2023-09-20T10:09:00Z
댄스팀 리미트 LIMIT,,ejUkUMZFBxA,이세계아이돌 KIDDING 댄스 챌린지 💖 #키딩챌린지 #이세계아이돌 #이세돌#shorts,2023-09-20T10:00:37Z
이세돌 안무가 지망생,,rbFSi0zevcU,수인둘기의 키딩 #이세돌 #이세계아이돌 #키딩 #키딩챌린지 #우왁굳 #이파리 #아이네,2023-09-20T09:28:23Z
이슈피드,,uXrFX-_0FGc,"요즘 난리난 스우파2 스모크챌린지, 절대 찍으면 안된다고 난리난 진짜 이유ㄷㄷ",2023-09-20T09:06:41Z
비르 VIR,,NuMNmM1IumQ,양지 아이돌 ☀️ #이세계아이돌 #키딩 #키딩챌린지 #kidding,2023-09-20T08:26:47Z
Aloha채릉,,1lylzq8nkAA,#Shorts 눈 떠보니 내가 이 세계 아이돌?!💫🗿 #KIDDING #키딩 #키딩챌린지 #이세계아이돌 #이세돌,2023-09-20T08:22:28Z
유후의 악카이브,,aZF0EXBWUG4,이세계아이돌 KIDDING 댄스 챌린지 거울모드 💛 #shorts,2023-09-20T08:10:04Z
코모코7979,,PVU3py52mtM,성장형 KIDDING 챌린지 #키딩챌린지  #키딩 #kidding #이세계아이돌  #이세돌,2023-09-20T07:02:02Z
멜팅 MELTIN[G],,6KyZMyBhPeA,방구석 아이돌 ✌🏻|| #이세계아이돌 #이세계아이돌챌린지 #kidding #키딩챌린지 #키딩 #쇼츠 #이세돌 #kiddingchallenge #fypシ #fyp #shorts,2023-09-20T06:00:03Z
Dahlia,,RjWwiSkAK-g,키딩 챌린지 💗 #키딩 #키딩챌린지 #이세계아이돌,2023-09-19T13:41:38Z
나봉이의 하루,,3EXQlWGHvTA,#이세계아이돌 #챌린지,2023-09-19T11:21:38Z
비니짱,,tCI_n-g0A4Y,키딩 챌린지🌿🌿 #키딩 #이세계아이돌 #챌린지 댄스 #KIDDING,2023-09-19T05:54:11Z
코모코7979,,pzKAz9RD7XE,나도 유행하는 KIDDING 챌린지! #키딩챌린지 #키딩 #kidding  #이세돌 #이세계아이돌,2023-09-19T00:41:07Z
은송 love♥,,b4h_hy-Evls,이세계 아이돌 kidding#kiddingchallenge#kidding#스타킹 #검스#검정스타킹#구두 #challenge#shorts#04년생#dance#20살#이세계아이돌#추천,2023-09-19T00:18:16Z
복덩이,,z1P8xWisOC8,방에서 몰래 #키딩챌린지 #키딩 #이세계아이돌 #KIDDING #shorts #Shorts,2023-09-18T09:45:05Z
엔젤카페,,LdAt03EbyNs,키딩 💝 댄스 챌린지 #kidding #dancechallenge  #키딩챌린지 #이세계아이돌 #이세돌 #shorts,2023-09-18T09:45:01Z
채널 MINI - MINI 서초전시장 이승훈 팀장,,1MHtOSPJKfs,지점장님 ‘이세계 아이돌’ 입문 시키기 #이세계아이돌 #버튜버 #키딩 #키딩챌린지 #미니쿠퍼 #미니쿠퍼딜러,2023-09-18T06:42:14Z
(전닉:소다) 소담,,3Yc6es3NFbo,이세계아이돌#화질 넘좋구.. #챌린지 #독학,2023-09-17T23:03:25Z
왁타버스 WAKTAVERSE,,u9nckegq5iI,이세계아이돌 KIDDING(키딩) 챌린지 교차편집 #Shorts,2023-09-17T15:15:04Z
루민 [저지먼트],,FCb9YB20aGE,💛KIDDING 고양이 챌린지 (Kidding cat challenge) #저지먼트루민  #kiddingchallenge #kidding #이세계아이돌 #버츄얼 #버튜버,2023-09-17T08:30:03Z
살구공グゴン,,xbnrSAB4wWo,이세계아이돌 키딩 ISEGYE IDOL Kidding 춤춰보았다｜#키딩챌린지  #kiddingchallenge #shorts,2023-09-17T06:50:22Z
춤추는 한결리나,,avvMJ3VIoOQ,#이세계아이돌#KIDDING challenge#키딩 챌린지#춤추는 한결리나#2014년생 독학 커버 댄스,2023-09-17T06:18:30Z
라별의 가방 Rabyul's Bag,,6iAiQtS9-5U,[솔라]솔라 이세계아이돌 kidding 챌린지 #마마무 #mamamoo #mamamooplus #솔라 #solar #이세계아이돌 #이세돌 #shorts,2023-09-17T03:45:50Z
GAMJA,,I4PaURv7R4A,휘뚜루마뚜루 키딩챌린지 #키딩챌린지 #kidding #이세계아이돌,2023-09-17T02:35:59Z
아두 Ahdoo [아름다운 두둠칫],,2tmLvJ8ocCo,아두의 키딩 챌린지  |  이세계아이돌 (ISEGYE IDOL) - KIDDING (키딩) #shortsvideo #kidding #이세계아이돌 #키딩챌린지,2023-09-17T02:23:35Z
헤헤:D_hehecos,,IOMhv-wvxII,#kidding #키딩챌린지 #고세구  #이세계아이돌 #코스프레 이번 부만축 토요일 이세계아이돌 세구님으로 다녀왔습니다 화질이 많이 떨어지지만 이쁘게 봐주세요..ㅠ♡,2023-09-16T12:15:10Z
쏘쑤_ssoSSOO,,9alDLqUfsbQ,키딩~ #kidding #이세계아이돌 #키딩챌린지,2023-09-16T10:52:06Z
참다래,,JUAYKOyxk-8,이세계아이돌 KIDDING 댄스챌린지 #kidding Challenge #ISEGYEIDOL,2023-09-16T10:50:41Z
물,,dea2Xl7Orho,이세계아이돌 - kidding 키딩 커버 댄스 #이세계아이돌 #kidding #키딩챌린지,2023-09-16T10:45:02Z
Round동글,,wint5659rAk,KIDDING 이세계 아이돌 노래 (넌 대체 누구야~) #키딩챌린지 #kidding #dance #dancechallenge #youshorts,2023-09-16T10:00:41Z
윔프 [WIMP],,kwaYZMciiy4,이세계아이돌 - Kidding 마인크래프트 안무 애니메이션 #Shorts #키딩챌린지 #키딩 #KIDDING,2023-09-16T09:30:52Z
CHAZE(체이즈),,aIlHClf8PSY,최애의아이로 키딩챌린지 #KIDDING #키딩챌린지 #이세계아이돌 #shorts,2023-09-16T09:15:37Z
마사911,,1YfVK5R9Kcc,내 몸이 말을 안들어 #kidding #이세계아이돌 #kpop #challenge #이세돌 #춤연습,2023-09-16T04:10:19Z
DdalgiShoux ch. / 딸기슈몽이,,2BxGC7r8BQE,필리핀 지부 해파리 막차! 🇵🇭💜💛💙💗🩵💚 #버튜버 #kpop #키딩챌린지 #이세계아이돌 #이세돌 #KiddingChallenge #IsegyeIdol #Vtuber,2023-09-15T16:12:51Z
뷰티달티,,89A98Ohrnk8,이세계아이돌 키딩챌린지#키딩#뷰티달티#KIDDING,2023-09-15T13:06:50Z
Rulerist,,w6eWJJ8yJfU,이세계아이돌 키딩 자 연주,2023-09-15T12:15:56Z
Pudding&SehaStory🐹🐧,,nqqSXFzDK2o,#Kidding #이세돌 #이세계아이돌 #챌린지 #shorts,2023-09-15T10:30:19Z
SAYSEI세이,,3s6IZpBsRsE,현직 댄스선생님의 킹아 ~ #kidding #이세계아이돌 #키딩챌린지 #shorts,2023-09-15T10:19:10Z
사공사,,X7c80tOMbgM,[칰타툰] 이세돌에 사로잡힌 수녀 #kidding #키딩챌린지,2023-09-15T09:00:32Z
URL유아렐_Dance,,61X8j_6hnfM,요즘 이 노래에 빠졌어…⭐️ #kidding #kidding challenge #이세돌 #이세계아이돌,2023-09-15T08:35:00Z
안다 ANDA,,3IS843uaiNA,"너 이세돌 알아..? 사실 내가 이세계아이돌 릴파야ㅎ (Just kidding,,🤭) #kiddingchallenge",2023-09-15T07:01:21Z
다융이네,,dWenBjKr-2w,#다융이네#이세계아이돌#키딩챌린지,2023-09-15T06:36:18Z
케지민 kejimin,,PInLnB2laYc,이세계 아이돌 KIDDING 챌린지 Let’s go✨ #kejimin #케지민,2023-09-15T02:32:04Z
은송 love♥,,QlRsVr4iSb0,이세계아이돌kidding#kiddingchallenge#kidding#스타킹 #검스#코스프레#구두 #challenge#shorts#04년생#dance#20살#이세계아이돌#추천#교복,2023-09-15T00:30:59Z
이세돌 안무가 지망생,,ftjLmLKkULs,셀프 세탁소에서 셀프 키딩 뮤비 제작 🌱 #이세돌 #이세계아이돌 #키딩 #키딩챌린지 #왁타버스 #우왁굳 #이파리,2023-09-14T14:54:37Z
짐니,,RePndb0TH1M,💗여고생의 키딩 챌린지✌️ #고3 #키딩챌린지 #이세계아이돌 ​#키딩 #kidiing @waktaverse @lilpa,2023-09-14T13:00:35Z
비르 VIR,,ZNdc8OHOY8c,반갑습니다 지하세계 아이돌 비르입니다.😎 #이세계아이돌 #키딩챌린지 #지하세계아이돌 #shorts,2023-09-14T09:43:44Z
마사911,,jrMCWLlnc9c,몸치가 몇 주간 연습한 키딩챌린지#kidding #이세계아이돌 #challenge #kiddingchallenge #이세돌,2023-09-14T09:21:07Z
캐이라,,b3QSr9qQrr8,흐헤헷 오랜만에 제가 돌아왔습니다ㅏ!#이세돌#이세계_아이돌#이세돌_키딩_첼린지#키딩챌린지 #키딩,2023-09-14T07:51:56Z
다이애나 DIANA,,c3CeS2HZQTM,킹아.. | 이세계아이돌 - KIDDING #키딩챌린지 #이세계아이돌 #키딩 #kidding,2023-09-14T06:55:53Z
요란도린,,K7DmAFKwMXo,💘이세돌 키딩 챌린지💓 #이세계아이돌  #이세돌 #키딩챌린지 #kidding #뚝딱이,2023-09-13T12:54:16Z
훈레,,6mipXVb5Eks,키딩챌린지 육회버전 #키딩챌린지 #육회 #이세계아이돌,2023-09-13T12:26:50Z
포또,,2EqQrmn1SZE,【포또】 이세계아이돌 - Another World (어나더월드) .Cover l  차원을 넘어 이세계 아이돌 OST,2023-09-13T11:30:01Z
은송 love♥,,Sj9_ElOCwf8,이세계아이돌 kidding#kiddingchallenge#kidding#스타킹 #검스#코스프레#교복#구두#challenge#shorts#04년생#dance#20살#이세계아이돌#추천,2023-09-13T11:29:32Z
더루비 Since 2015,,9fNqsmQQElU,#아크릴귀걸이 #화려한귀걸이 #귀찌 #이세계아이돌 #이세돌 #키딩 #KIDDING #키딩챌린지 #쇼츠 #fyp #foryoupage #dancechallenge #trend,2023-09-13T11:16:38Z
4대장,,Sw2ik2zrY4A,이세계아이돌 KIDDING 챌린지 | 최고 조회수 4분할 | 뭐가나아? #shorts,2023-09-13T11:00:22Z
은송 love♥,,yZuVMQgLubg,이세계 아이돌 kidding#kiddingchallenge#kidding#스타킹 #검스#검정스타킹#구두 #challenge#shorts#04년생#dance#20살#이세계아이돌#추천,2023-09-13T03:04:02Z
아이라ira,,63aday8mmzI,이세계아이돌 😖 #버츄얼아이돌 #키딩 #키딩챌린지 #kidding #이세계아이돌,2023-09-12T23:26:17Z
카나로드유튜브,,L0ff5slPtYw,🐱KIDDING 고양이 챌린지 #shorts #kidding #이세계아이돌,2023-09-12T15:23:48Z
Hatchery Killer 해처리 킬러,,f7FUvaDDpAc,조이서 JOYSEO - 이세계아이돌 KIDDING 댄스 챌린지 탑승🤍✨/ai version,2023-09-12T15:00:29Z
은송 love♥,,Sq5N3x2i4n0,이세계 아이돌 kidding#kiddingchallenge#kidding#스타킹 #검스#검정스타킹#구두 #challenge#shorts#04년생#dance#20살#이세계아이돌#추천,2023-09-12T10:57:56Z
쇠밍구,,VdjO1zY8uDY,뒤늦게 중독됨.. #키딩챌린지 이세계아이돌 ISEGYE IDOL ‘KIDDING’ 키딩 dance cover #shorts,2023-09-12T09:46:56Z
김어흥,,NwXT9ZPMimQ,어흥이의 이세계 아이돌 키딩 KIDDING 챌린지~ #kidding #이세계아이돌 #키딩챌린지 #키딩,2023-09-12T09:42:58Z
오디디 코미디,,goKLlXOg5ac,이세계 용사가 추는 이세계 아이돌 키딩 #키딩챌린지,2023-09-12T09:35:36Z
김동백,,MGfXxdj4WdY,KIDDING 불러보았다 #이세계아이돌#키딩#키딩챌린지#kiddingchallenge,2023-09-12T08:00:10Z
Sua's Fun Adventures,,w-K6DqKCtCw,이세계아이돌 KIDDING #키딩챌린지 #KIDDING #이세계아이돌 키딩 #이세돌,2023-09-12T07:47:48Z
은송 love♥,,bpdIMpmlyUI,이세계 아이돌 kidding#kiddingchallenge#kidding #코스프레 #교복 #challenge#shorts#04년생 #dance#20살#이세계아이돌 #추천,2023-09-12T07:11:34Z
뱅또(Bangto),,ZAQRxNIyIe8,이세계아이돌 KIDDING 챌린지 #kidding,2023-09-12T06:37:31Z
슷셔 Crystal,,gCymdrb5neA,이세계아이돌 ISEGYE IDOL - 키딩 Kidding 　 |　 K-pop cover #kidding #키딩챌린지 #이세계아이돌,2023-09-12T06:17:19Z
라떼가좋아,,la0NWdGe9AI,언니가.준 이쁜블라우스 입어봄🥳😁#키딩챌린지 #이세계아이돌,2023-09-12T05:29:17Z
은송 love♥,,KQ1sMg5A52s,이세계 아이돌 kidding#kiddingchallenge#kidding#코스프레#교복#challenge#shorts#04년생#dance#20살#이세계아이돌 #추천 #유행,2023-09-12T04:00:59Z
포켓TV / Pocket TV,,6mk7VMQxPPs,08년생 중3이 커버하는 KIDDING 챌린지💘 이세계아이돌 (ISEGYE IDOL) - KIDDING (키딩) #Shorts,2023-09-12T03:00:03Z
Ruu Studio,,c6o4FlEWE3w,이세돌 KIDDING 챌린지!! #KIDDING #키딩챌린지 #이세계아이돌 #이세돌 #VRChat,2023-09-11T20:26:29Z
왁쏭,,qZastRtBjTw,14년생의 키딩 챌린지 #KIDDING #키딩 #키딩챌린지 #이세계아이돌 #이세돌​,2023-09-11T14:39:33Z
이세돌 안무가 지망생,,bs8BOHwiKtw,둘기가 추는 아이네 탭댄스 #이세돌 #이세계아이돌 #왁타버스 #우왁굳 #아이네 #키딩 #락다운 #키딩챌린지 #리와인드,2023-09-11T13:00:19Z
보라보랏TV,,eYXmqlCejsQ,진짜로 췄어용ㅋㅋ #여름이들려 #챌린지 #이세계아이돌 ?,2023-09-11T12:54:23Z
류호찬의 탐구생활,,yD8xgVvbCuM,WWE X 이세계아이돌 Kidding Challenge (이세돌 키딩 뮤직비디오) (Extended Version),2023-09-11T11:13:49Z
호주한량,,Ga3Kbe8qVKc,😺KIDDING 고양이 챌린지 (kidding cat challenge) #kidding #이세계아이돌 #이세돌 #키딩,2023-09-11T10:12:05Z
아름,,tEX6PW6Xevc,저세계 춤선을 가진 그의 이세계아이돌 춤 kidding 챌린지,2023-09-11T09:38:12Z
레슬링 마니아 ,,1AfmABWeuJA,WWE X 이세계아이돌 Kidding Challenge 키딩 챌린지 (Extended Ver.),2023-09-11T09:13:26Z
시옷시옷,,38byYLe_i0g,&quot;용사님 이 세계에 남아주세요&quot; #이세돌,2023-09-11T09:00:04Z
너희바라기 💙,,gnrsu0rf0GY,⚘️Kidding-이세계아이돌⚘️#키딩챌린지#댄스챌린지#Shorts#kidding_Challenge#MISORI_FAM,2023-09-11T09:00:33Z
차커 Chaco,,9kCtMHbKf-c,계산기로 키딩 챌린지 - 이세계 아이돌,2023-09-11T08:45:30Z
김빽빽,,BMvD0vz5CAU,kidding 챌린지 애니메이션 #kidding #kidding챌린지 #애니메이션 #챌린지 #댄스챌린지 #이세돌 #이세계아이돌  #challenge #shorts #short,2023-09-11T08:32:36Z
꿀재미슈,,WwXGz3Wx8fE,이세계아이돌 X 플레이브 &#39;한국형 버츄얼 아이돌&#39; 신곡 #shorts,2023-09-11T08:29:35Z
박쥐손,,oTGwEAta8Zw,곰돌이의 키딩 #KIDDING #키딩 #키딩챌린지 #이세계 아이돌 #이세돌,2023-09-11T07:15:40Z
은하🐻,,NNBWL3J9PF0,이세계 아이돌 릴파💙 | #KIDDNG | #키딩 | #릴파 |#이세돌 | #팬아트 |#shorts,2023-09-11T07:08:07Z
Pudding&SehaStory🐹🐧,,caib6k-R7PM,#kiding #챌린지 #이세돌 #이세계아이돌 #키딩 #shorts,2023-09-11T06:37:00Z
둥근산 Maruyama,,eMjg-ZDWSZk,위험하지 않은 사람들의 키딩챌린지 #KIDDING #키딩 #kiddingchallenge #이세계아이돌 #이세돌 #키딩챌린지,2023-09-11T05:35:47Z
{🩵알띠나Ringqueen🩵},,F3eMvStPs7Q,키딩 추기! #13년생 #이세계아이돌 #키딩챌린지,2023-09-11T05:30:28Z
라떼가좋아,,v5lJcKr3zQs,이세계아이돌?#키딩챌린지,2023-09-11T03:41:20Z
비쥬 Bijou,,8MFkwVcitQU,🐱kidding 고양이 챌린지 ver🐱 Kidding cat challenge #이세계아이돌 #kidding #shorts #버튜버 #이세돌 #키딩챌린지,2023-09-11T03:28:26Z
심포SimPo,,d6S1cFwl52E,KIDDING 고양이 챌린지ver. (kidding cat challenge) #kiddingchallenge #kidding #이세계아이돌,2023-09-10T16:13:20Z
류호찬의 탐구생활,,3GD_72VrUKU,WWE X 이세계아이돌 Kidding Challenge (이세돌 키딩 뮤직비디오) (Extended Version),2023-09-10T15:46:56Z
모공레몬,,sVsVde_xxeU,모공레몬이 말아주는 키딩 #kidding #이세계아이돌 #키딩챌린지,2023-09-10T14:27:51Z
스프링벚꽃,,EbchPzQKG1k,키딩 챌린지#shorts#sfm#fnaf#KIDDING #키딩 #키딩챌린지 #이세계아이돌 #이세돌,2023-09-10T14:22:35Z
레슬링 마니아 ,,gyZ2IPTEP2Y,WWE X 이세계아이돌 Kidding Challenge 키딩 챌린지,2023-09-10T12:06:36Z
도혜솜,,K_H1vC9y1qg,나도 해보았다!! #이세계아이돌 #kidding #키딩 #키딩챌린지 #shorts #버튜버,2023-09-10T01:04:43Z
별비☆B,,g0_dBD0oEQQ,ISEGYE IDOL - KIDDING #이세계아이돌 #kiddingchallenge  #키딩챌린지 #춤춰보았다 #shorts,2023-09-10T00:37:47Z
채은사마,,vhlpZo7sqVg,키딩챌린지 유행탑승 ~~ #키딩챌린지 #이세돌 #이세계아이돌,2023-09-09T14:20:31Z
은붕어,,X9JA7xCLfUo,KIDDING  #키딩챌린지 #이세돌 #kidding #키딩 #이세계아이돌,2023-09-09T13:50:30Z
sailor39,,AdP02IacOdc,일본인이 춤춘 이세계아이돌  KIDDING (키딩) #키딩챌린지 #이세계아이돌 #이세돌 #kidding #shorts,2023-09-09T12:56:03Z
Round동글,,1B46dRhWd-4,이세계 아이돌 노래 🎶 다른 댄스 #키딩챌린지 #KIDDING #dancecover #shorts,2023-09-09T12:30:01Z
고산입니다,,2qa0oy2eOnM,이세계의 아버지 #이세계아이돌 #kidding #키딩챌린지,2023-09-09T11:10:49Z
셈셈 semsem,,99DGByrwqZQ,꾸물이의 키딩 챌린지 #kidding #애니메이션 #이세계아이돌,2023-09-09T10:40:46Z
유땡TV,,HpNOmEkA9r4,이세계아이돌 Kidding 챌린지 ㅋㅋㅋㅋㅋ#shorts,2023-09-09T10:39:11Z
바닐라,,PtZIzcsiIAc,kidding 챌린지 #이세돌 #이세계아이돌 #robloxyt #shorts  #추천 #추천추천추천추천추천추천추천추천추천추천,2023-09-09T10:29:51Z
ZEPETO 낙원,,gLFtyvjc7bQ,KIDDING CHALLENCE #kidding #이세계아이돌 #키딩챌린지 #킹아,2023-09-09T10:16:12Z
캣그리,,Ysgcmcl8TdM,kidding #kidding #키딩챌린지 #이세돌 #이세계아이돌,2023-09-09T09:15:03Z
ShE's [쉬즈],,YAqRBE28vkQ,[신곡가져왔어요💕] 이세계아이돌(ISEGYE IDOL) - KIDDING(키딩) Duet.ver l Cover by ShE&#39;s,2023-09-09T09:15:03Z
인게이지 Ingauge,,bX54McTNLoM,마인크래프트 이세계아이돌 - KIDDING (키딩) 챌린지 #shorts,2023-09-09T09:01:16Z
으니데이_Euniday,,-la6dIz1-rw,버츄얼 탑 아이돌 ! 이세계 키딩 챌린지☺️ #shorts #kidding #이세계아이돌 #키딩 #challenge #이세돌 #쇼츠,2023-09-09T09:00:00Z
인게이지 Ingauge,,95wmmhErJJg,마인크래프트 이세계아이돌 - KIDDING (키딩) 챌린지,2023-09-09T08:03:10Z
이에즈님 일상,,lVX385PrACE,#kidding #kiddingchallenge #키딩챌린지 #이세계아이돌 #cover_dance,2023-09-09T05:53:46Z
경호쌤,,nqAf9pAEnfw,ISEGYE IDOL(이세계아이돌) - KIDDING Challenge 기타 커버 #shorts #challenge  #기타커버 #커버영상 #챌린지  #guitarcover #쇼츠,2023-09-09T05:21:23Z
써영티비,,owS2X4-V01I,#14년생 #써영티비 #댄스 #키딩챌린지 #키딩 #이세계아이돌 #이세돌,2023-09-09T05:14:47Z
KP,,wTUbT-ZLgJY,KIDDING 챌린지 이세계아이돌 #kidding #valorant #zzul #키딩챌린지,2023-09-08T16:55:23Z
윤유주 유니버스,,j1vI6ZZ4VLs,키딩 챌린지 2탄 #키딩챌린지 #kidding #이세계아이돌,2023-09-08T13:42:28Z
야옹,,U7XoA9X4OIo,나! 한다! 열심히! #이세계아이돌 #이세돌 #키딩 #춤춰보았다 #키딩챌린지,2023-09-08T12:08:22Z
다해예지,,bJkVriof-qk,#이세돌 #이세계아이돌 #kidding #challenge #챌린지,2023-09-08T11:55:39Z
천가지 GAJI,,Snn5FXRwzqM,그지꼴로 나혼자 늦은 키딩 챌린지 #이세계아이돌 #이세돌 #키딩 #키딩챌린지,2023-09-08T10:17:22Z
이에즈님 일상,,wlLrFPGSHL0,#cover_dance #키딩챌린지 #KIDDING #이세계아이돌,2023-09-08T10:05:34Z
시야 シヤ,,HWLhtdy4CdU,이세계아이돌 - Kidding (키딩) #키딩챌린지 #shorts,2023-09-08T09:57:32Z
혜찌Hyezzi,,rVmtQi3c4y0,완소 퍼펙트 반장은 사실.. 이세계 아이돌?!💖 #키딩챌린지,2023-09-08T09:17:26Z
인싸력 측정기,,f_t0ZMnKqco,이세계 아이돌 kidding 챌린지 인기조회수 4분할 | 당신의 선택은? #댄스챌린지,2023-09-08T03:00:29Z
소핀SOPHIN,,9OZB9GhBZvA,✨KIDDING 고양이 챌린지 그려보았다!!!!! (kidding cat challenge drawing) #kiddingchallenge #키딩챌린지  #이세계아이돌,2023-09-07T22:25:22Z
yun,,ylxtwvf5NVU,이세계아이돌-KIDDING   perfect 3 #이세계아이돌 #키딩챌린지,2023-09-07T16:20:19Z
sanrio 시나시나~~,,xlOCnvfhocY,#이세계아이돌 #kidding#키딩챌린지 동생과 함께,2023-09-07T13:00:05Z
사시스,,bka7qGRjL0U,허기워기랑 키딩 챌린지 #kidding #이세계아이돌 #키딩챌린지,2023-09-07T11:15:32Z
긍지높은아이돌,,I4bv-BBNlzw,이세계아이돌 키딩 챌린지#KIDDING #키딩챌린지 #키딩 #이세계아이돌 #이세돌 #Shorts,2023-09-07T09:59:39Z
타이섭,,jcxywvl4u7I,저세계 아이돌 #이세계아이돌,2023-09-07T09:29:29Z
YouTube Korea,,fi7VZwwrP_o,"차트인까지 이루어 낸 버추얼 아이돌, 이세계아이돌 KIDDING 댄스 챌린지💖  이번 주 추천 #Shorts",2023-09-07T08:00:30Z
희연 Hee Yeon,,zIIeCDZsUgU,이세계 아이돌 - 키딩챌린지✌🏻 #kidding #이세계아이돌 #이세돌 #키딩챌린지,2023-09-07T07:16:10Z
작은 루이지박스,,1dL03EZW1GU,이세돌 - Kidding 챌린지,2023-09-07T06:10:59Z
설에니,,EabMdssGGd4,이세계아이돌 KIDDING 키딩 챌린지,2023-09-06T14:58:45Z
설에니,,ugsWU5EJwsQ,이세계아이돌 KIDDING 키딩 챌린지,2023-09-06T13:28:21Z
아이꿍,,JJVmzUhK1LI,이세계아이돌 「KIDDING」 DANCE COVER | #이세돌 #키딩 #키딩챌린지 #ダンス #dance #거울모드 #踊ってみた #shorts,2023-09-06T11:00:33Z
베베리 BEBERRY,,xsqJWhm2D3s,KIDDING 챌린지💜 #KIDDING #키딩챌린지 #이세계아이돌 #shorts,2023-09-06T02:00:31Z
모아,,aasY-b7VaxE,🎀이세계아이돌(ISEGYE IDOL) KIDDING(키딩) 고양이 챌린지 #키딩챌린지  #kidding #버튜버,2023-09-05T23:15:01Z
혜찌Hyezzi,,cRvGaN-0SQo,아부지 ‘이세계 아이돌’ 입문 시켜드리기 #키딩챌린지,2023-09-05T09:22:34Z
황덕황,,AZnpc_LlhNg,"노래 미쳤잖아,,,☁️ #이세돌 #이세계아이돌 #dance #kidding #키딩챌린지",2023-09-05T07:16:55Z
시우,,8fRoRJ1D8-4,이세계 아이돌 kidding 챌린지 (얼굴 가려서 잘 안보일수도) #kidding #키딩챌린지 #이세계아이돌,2023-09-05T06:45:56Z
네루짱NERU,,FENHn1MyMk8,KIDDING 댄스 챌린지🤍 #이세계아이돌 #키딩챌린지,2023-09-05T06:25:38Z
이비,,vXnQF935uCY,뒤늦게 탑승하는 키딩 챌린지 #kidding #키딩챌린지 #이세계아이돌 #shorts,2023-09-05T05:36:21Z
틱토커 망야,,YWYxQ8uRyq8,키딩챌린지 (이세계아이돌) #shorts,2023-09-05T03:00:11Z
마녀,,HWo3TBjQ384,이세계아이돌 (ISEGYE IDOL) - KIDDING 챌린지 #이세계아이돌 #kidding #vrchat,2023-09-04T18:13:19Z
허덩,,zZhPJWCcUlE,이세계 아이돌 말고 개강한 아이들 2 #이세계아이돌 #이세돌 #kidding #키딩 #아이돌 #챌린지 #개강 #세라복 #23학번,2023-09-04T18:06:54Z
리지네빌리지 (Riji),,K03Xc9UPerY,이세계아이돌-Kidding #키딩챌린지 #이세계아이돌 #kidding #shorts,2023-09-04T15:11:47Z
쭈냥,,zRJ2ayErKO8,이세돌 코스프레하고 키딩 챌린지💖 #이세계아이돌#키딩챌린지 #kidding #이세돌,2023-09-04T13:02:13Z
몸치탈출연구소 (Fast dance),,hFF_tuhBJCQ,이세계아이돌 &#39;KIDDING&#39; 안무 완전 쉽게 배울 사람?🙋🏼‍♀️ 거울모드 KIDDING Dance Mirrored #KIDDING #dance #shorts,2023-09-04T11:15:04Z
몸치탈출연구소 (Fast dance),,PgzvG-90wJk,이세계아이돌 (ISEGYE IDOL) &#39;KIDDING (키딩)&#39; 안무 완전 쉽게 배우기 거울모드 Dance Tutorial Mirror Mode (Eng),2023-09-04T11:00:30Z
TEAM LUNATICS,,hamLYhVdoQ4,촬영스텝들도 함께 신나는 키딩챌린지  #kidding  #이세계아이돌,2023-09-04T10:09:17Z
TEAM LUNATICS,,PWrAQI1gOHQ,막둥이와 맏언니의 키딩 챌린지 #kidding #이세계아이돌,2023-09-04T10:08:27Z
나는조이서 Joyseo,,zoAT6svq_Ww,이세계아이돌 KIDDING 댄스 챌린지 탑승🤍✨ #shorts,2023-09-04T09:30:13Z
로조랑코코랑,,2DBtnNZj7O0,이세계아이돌 - KIDDING 키딩 챌린지 #shorts #이세계아이돌 #kidding #고양이 #cat #猫 #키딩챌린지  #KIDDING챌린지 #이세돌 #키딩  #버츄얼아이돌,2023-09-04T09:17:00Z
서빵떡,,S4jenj0oRiM,너는 대체 누구야~! #kidding #이세계아이돌 #키딩챌린지 #shorts,2023-09-04T08:58:06Z
루아일루왕 DJ Lua,,4El52QqA5Lo,디제이가 추는 이세계아이돌 KIDDING 챌린지💕 #키딩챌린지 #키딩 #kidding #이세돌 #이세계아이돌 #challenge #챌린지 #dj #shorts,2023-09-04T04:00:04Z
노이담 - 노래에 이야기를 담다,,8NPOamXvK7Y,빌보드에 올라버린 버츄얼 아이돌 신곡 ㄷㄷㄷ #노래해석 #이세계아이돌 #키딩 #이세돌 #kidding #키딩챌린지,2023-09-03T23:03:15Z
써영티비,,KJ-6SPjrY8s,#14년생 #댄스 #써영티비 #키딩챌린지 #이세계아이돌 많이 틀려요ㅜㅠ,2023-09-03T22:48:46Z
Yun_tar윤타,,I0SbzlL_XzY,이세계아이돌 (ISEGYE IDOL) - KIDDING (키딩) Guitar Cover,2023-09-03T19:27:21Z
차게 식은 현실,,vXe6GhGCGHM,이세계아이돌 키딩 챌린지! (차컬로이드.ver) #키딩챌린지 #KIDDING,2023-09-03T17:32:52Z
차현,,hxkmRjLUTEQ,이세계아이돌 키딩 챌린지! #키딩챌린지 #KIDDING,2023-09-03T17:25:47Z
윤경서GuiTar,,9mWk8nYOu6E,이세계아이돌 - KIDDING (키딩) 락버전으로 기타솔로치기🔥 #키딩챌린지  #이세계아이돌 #이세돌,2023-09-03T13:27:49Z
아오이로 디엘,,jRxaE4QUnJo,KIDDING 챌린지                                       #이세계아이돌 #이세돌 #KIDDING,2023-09-03T11:16:51Z
냐냐 Nyanya,,e_VZScrYOfM,KIDDING 키딩 챌린지 #shorts  #KIDDING #키딩챌린지 #이세계아이돌 #키딩 #이세돌,2023-09-03T09:35:06Z
MATI LAND 마티랜드,,dkTEHOeJXNo,키딩 챌린지 거울모드🌿 #이세돌 #키딩,2023-09-03T08:40:00Z
EIRENE,,NQYe3SryRG4,KIDDING!! 키딩!♡ #vrchat #vrc #eirene #challenge #이세계아이돌 #이세돌 #kidding,2023-09-03T03:15:15Z
살구공グゴン,,rtN3j530c0Y,이세계아이돌 ISEGYE IDOL 키딩 Kidding 챌린지 거울모드｜#키딩챌린지 #kiddingchallenge 춤춰보았다  #shorts,2023-09-02T15:00:06Z
찌유,,C57iVG9PiU8,VR 할 때 방이 넓어야 하는 이유 /이세계아이돌 - 키딩 챌린지 #kidding #dancechallenge #이세돌 #shorts,2023-09-02T14:06:34Z
웅이저장소,,67ztZRLnPKE,설렘은 잠깐이니까🧸 #이세계아이돌 #kidding #이세돌 #키딩챌린지,2023-09-02T10:38:33Z
혜린,,Si9bTJzHg1s,총장 평균 172의 키딩챌린지#KIDDING #키딩 #키딩챌린지 #이세계아이돌 #이세돌,2023-09-02T10:33:10Z
9호,,ZXZEzLgg6gw,🎀KIDDING🎀 #shorts #KIDDING #키딩챌린지 #이세계아이돌 #이세돌,2023-09-02T10:29:21Z
동도니TV DongDo2TV,,5sqnY8T190U,남자중에선 내가 제일 예쁘게 커버 한듯?#키딩챌린지#이세계아이돌#이세돌,2023-09-02T10:06:51Z
고여름 GOSUMMER,,_TUDduKlFBE,이세계아이돌 키딩 챌린지 💙 #kiddingchallenge #키딩챌린지,2023-09-02T09:00:32Z
조환서 [ChoHwanSeo],,vNCEBYm_B0g,옳지 내게 와봐 위험하지 않아 #kidding #키딩챌린지 #이세계아이돌 #challenge #shorts #왁타버스 #킹애 #킹아 #우왁굳,2023-09-02T08:57:58Z
지옥밴드 LYZD Hell Band,,5kgf43AOjYQ,직접 송도를 촬영한 이세계아이돌 - kidding 커버 #키딩챌린지 #키딩 #이세돌,2023-09-02T08:47:16Z
Bboy Swallow,,0KUkoT8d48o,Bboy의 &#39;이세계아이돌 KIDDING 챌린지&#39;🔥,2023-09-02T08:45:51Z
소희 SOHEE,,S3CbqzirwxU,[161cm 67kg] 이세계 아이돌 키딩 챌린지🖤 너는 대체 누구야~~👉🏻 #이세계아이돌 #키딩 #kidding #통통녀 #다이어트쇼츠 #댄스챌린지 #shorts #킹아,2023-09-02T08:09:48Z
갱갱이,,nRfNn7qMI-w,로블록스 이세계 아이돌 키딩 챌린지 kidding challenge #오영택이이뻐죽겟어,2023-09-02T03:30:37Z
차원을 넘어,,_IVzXZ3gRQA,히키 고딩 kidding 챌린지 #kidding #키딩챌린지 #이세계아이돌,2023-09-01T10:57:15Z
비챤의 나랑놀아,,q-4XlupUk8w,키링 해외 반응,2023-09-01T08:52:44Z
클립라이트,,ty8Rxox4f1k,빌보드 실화야?... | 트위치 클립 일일 하이라이트 | 클립라이트,2023-09-01T08:07:33Z
김띠모,,6XPCWQTf9wY,키딩챌린지! 부드럽게 나와서 마지막으로 올려요! #KIDDING #키딩챌린지 #이세계아이돌,2023-09-01T07:58:12Z
히덩이,,aJY1dDGu5Bk,#kidding #이세계아이돌 #키딩 #이세돌 #키딩챌린지,2023-09-01T07:14:48Z
긴머리율엄마,,oNnUyY_8trI,이세계아이돌-키링(kidding)챌린지 #self #shors #coverdance #kpop#이세계아이돌#노력했지만결과 성공못함,2023-09-01T06:20:04Z
예롬 yerom,,dRo_p4QHsQs,비스크돌 마린의 키딩 챌린지🩵 #kidding #키딩챌린지 #이세계아이돌 #키딩 #이세돌 #cosplay,2023-09-01T04:14:50Z
히메 HM 姫,,2VkAYv4hozQ,이세계아이돌 - 키딩 #07년생 #dance #dancechallenge #dancecover #dancer #키딩챌린지 #이세돌 #이세돌키딩 #키딩,2023-08-31T18:27:59Z
아딘Adin,,Fg9OQRMnozY,KIDDING-이세계아이돌 2 #shorts #고딩 #07년생 #댄스챌린지 #dance #kpop #키딩챌린지,2023-08-31T14:52:24Z
아딘Adin,,mnoUp8vrUe8,KIDDING-이세계아이돌 dance challenge #shorts #고딩 #이세돌 #07년생 #댄스챌린지 #dance #키딩챌린지,2023-08-31T14:45:04Z
이척추,,JXs0qlRyg1c,🤍 #KIDDING #키딩 #키딩챌린지 #이세계아이돌 #이세돌,2023-08-31T11:12:19Z
응냥이 Euny,,YeiA6bA1bNg,이세돌 SBN 💗응냥이 #KIDDING 받아주세요🎀 #키딩챌린지 #이세계아이돌,2023-08-31T04:37:59Z
징버거가 ZZANG센 주제에 너무 신중하다,,sy15G7LZyes,이세계아이돌의 KIDDING(키딩) 챌린지! (with. 뢴줌마),2023-08-31T03:30:30Z
윱니,,4Ao7108XMd8,망했지만 뿌듯한 키딩 챌린지 #KIDDING #키딩 #키딩챌린지 #이세계아이돌 #이세돌,2023-08-30T20:46:08Z
융덕 Yungduck,,vdMNvvOh0x4,남동생이 빠진 이세계아이돌의 KIDDING 챌린지 추기 #키딩 #이세돌,2023-08-30T09:57:07Z
주땡쓰 JuThanks,,iQLs9eZEDJY,너는 대체 누구야 #kidding #이세계아이돌 #키딩챌린지,2023-08-30T09:00:34Z
스트리머AI 연구소,,oV0kaQwRcvQ,【 AI탬탬버린 | ver.2 버린 】 키딩챌린지 - 탬세계아이돌 | AI Cover,2023-08-30T07:40:50Z
치브 CHIVE,,RKrrZd81Fm0,흔한 이파리가 직접 부른 “KIDDING&quot; 🌱💕 (버거땅 파트만 불러봤어요🍔💛) #커버보컬 #cover #이세돌 #kidding #키딩챌린지 #이세계아이돌 #징버거 #킹아,2023-08-30T05:49:23Z
찌유,,PDY4YuL1lYI,이세계아이돌- 키딩 챌린지 #shorts #kidding #dancechallenge #이세돌,2023-08-29T23:34:39Z
유나,,X56FKCIuvlE,KIDDING 챌린지 #KIDDING #키딩 #키딩챌린지 #이세계아이돌 #이세돌,2023-08-29T16:30:53Z
마사911,,AGb32fiNtow,"키딩챌린지 왁굳형, 세구님 반응 #kidding #kpop #이세계아이돌 #고세구 #우왁굳",2023-08-29T13:52:11Z
aimaker111,,i4TqhIlb18o,(ai)이세계아이돌 키딩 최애의 아이 ai version #키딩챌린지 #최애의 아이,2023-08-29T12:20:38Z
릴파 lilpa,,TQbT9Gp_eQE,요즘 핫한🔥 KIDDING 안무 쉽게 배우기 #shorts,2023-08-29T11:43:53Z
지니피아,,vQqT7Elw12M,KIDDING 키딩 챌린지 #이세계아이돌  #kidding,2023-08-29T10:22:36Z
Kimstick,,BJERagqYbYs,핀도 참가한 키딩챌린지 #KIDDING #키딩챌린지 #이세계아이돌,2023-08-29T10:19:38Z
Hino,,Bo81IvK3Yc4,이세계아이돌 (ISEGYE IDOL) - KIDDING / Guitar cover  #키딩챌린지 #KIDDING #이세계아이돌 #guitarcover #기타커버,2023-08-29T10:08:09Z
이세돌 안무가 지망생,,48KwtQ_DXaw,똥손 안무가의 아이네 팬아트 #이세돌 #이세계아이돌 #왁타버스 #키딩 #아이네,2023-08-29T09:01:38Z
미아_Mia,,HV1tRQ6fP-c,KIDDING 챌린지 #kiddingchallenge #kidding #이세계아이돌 #버튜버 #shorts,2023-08-29T08:18:33Z
히두,,ykrJoP4OGrY,이세계아이돌 KIDDING 챌린지 #valorant #shorts,2023-08-29T04:51:08Z
야옹,,qw7HrnWZxMo,나도 한다! 키딩! 🌱 이세계 아이돌(ISEGYE IDOL) - KIDDING #키딩 #키딩챌린지 #이세계아이돌 #이세돌,2023-08-29T01:16:56Z
고세구 GOSEGU,,fazEo9bRONs,인류 99%가 따라못춘다는 #키딩챌린지 #kidding,2023-08-28T18:59:26Z
몽나,,YlI90P7XSwA,풀트 마려운 이세계아이돌 KIDDING 챌린지 #KIDDING #키딩챌린지 #이세계아이돌,2023-08-28T11:12:17Z
유죠² YJYJ,,COIZ43xNElU,KIDDING💙 #키딩챌린지 #이세계아이돌 #KIDDING,2023-08-28T11:04:57Z
TriShiKa,,9xSFaiOt3Vs,[WJMAX] 이파리 손 모양으로 KIDDING #Shorts  #KIDDING #키딩챌린지 #이세계아이돌,2023-08-28T10:53:05Z
우왁굳의 돚거,,o2BUcY7yKbM,닌닌의 키딩 챌린지,2023-08-28T09:00:35Z
왁타버스 WAKTAVERSE,,JT165y_TJbQ,저세계아이돌 KIDDING 챌린지 #Shorts,2023-08-28T04:15:00Z
일갈,,R_O8SuO3meo,이세계아이돌 (ISEGYE IDOL) - KIDDING (키딩) [일갈] #shorts,2023-08-28T03:00:12Z
Velo City,,UkT5l011mko,Guitarist Reacts to ISEGYE IDOL (이세계아이돌) - KIDDING (키딩) Official MV | First Time Reaction!,2023-08-28T02:00:10Z
쟌 JYAN 【패밀리아】,,ATEdmncWC_U,KIDDING 챌린지  #kidding #키딩챌린지 #이세계아이돌,2023-08-27T20:21:53Z
다린,,DGzi_2U25Xs,【이세계 아이돌】 - KIDDING 키딩 춤춰보았다,2023-08-27T15:26:06Z
마카,,UbHBUcl7ckI,몸치인데 키딩챌린지는 하고 싶고.. #그림 #키딩 #KIDDING #이세돌 #이세계아이돌 #키딩챌린지,2023-08-27T14:26:33Z
이로 iR0,,tWZOrF7tU2Y,키딩이다! #KIDDING #키딩 #키딩챌린지 #이세계아이돌 #이세돌,2023-08-27T13:29:00Z
주르르 JURURU,,j9HUSMCEKfk,인싸들이 하는 KIDDING 챌린지 #KIDDING #키딩챌린지 #이세계아이돌,2023-08-27T12:47:30Z
RG Enjoyment,,MIPINT1LbhI,KIDDING 챌린지 같이해요!!! #KIDDING #키 딩챌린지 #이세계아이돌,2023-08-27T12:15:01Z
도아됴아,,-azcavLHvJs,🌱🌟 KIDDING - 이세계아이돌(ISEGYE IDOL) #KIDDING #키딩 #키딩챌린지 #이세계아이돌 #이세돌,2023-08-27T11:46:37Z
꾸발넘,,JuZjfTdixx8,이세계아이돌 KIDDING 챌린지를 하는 요원들 #KIDDING #키딩챌린지 #이세계아이돌 ｜발로란트,2023-08-27T07:00:08Z
언사히,,OCO1HdSCWnA,🐱 KIDDING 고양이 챌린지 - 언사히ver (kidding cat challenge) #이세계아이돌 #ISEGYEIDOL,2023-08-26T17:05:36Z
김유히,,gAy-KRFKc8Q,몸치 여고생 이파리의 키딩챌린지 #키딩챌린지 #키딩 #이세계아이돌 #KIDDING #shorts,2023-08-26T16:55:08Z
냐피카,,4WJ3I1loGhM,냐피카 키딩 챌린지 💞 #kidding #이세계아이돌 #kiddingchallenge #shorts #쇼츠,2023-08-26T15:58:14Z
시안,,1AaghblyKLQ,이세계 아이돌 Kidding 챌린지,2023-08-26T14:26:27Z
시안,,LpPviLp_5cM,이세계 아이돌 Kidding 챌린지,2023-08-26T13:17:19Z
리브 LIV,,t8IynDdzpD8,이세계아이돌 징버거 코스프레 KIDDING 키딩 챌린지 Dance Challenge 킹아 #shorts #이세돌  #징버거,2023-08-26T13:01:15Z
이응,,F2GbBLFy9i4,✨거울모드✨ 여고생이 학교에서 추는 이세계 아이돌 - KIDDING 댄스 챌린지   #KIDDING #키딩 #키딩챌린지 #이세계아이돌 #이세돌 #거울모드,2023-08-26T12:46:43Z
H.W. S.,,rL7EkmXPNeQ,두근두근 메이드쿤의 키딩챌린지 #kidding #이세계아이돌 #이세돌 #키딩 #키딩챌린지 #shorts,2023-08-26T10:50:45Z
낭만세숟갈,,k0NuD_ES9dI,여러분은 일반인이 입덕하는 과정을 보고 계십니다 #이세계아이돌 #kidding #리뷰 #비챤 #라니,2023-08-26T07:53:50Z
독고혜은_,,PjBFQte7s5Q,이세계아이돌 KIDDING 댄스 챌린지,2023-08-26T07:47:05Z
백귀악단 Monster Band,,QjJ4KttHc8M,남성 버튜버가 추는 KIDDING 안무 챌린지 [이세계아이돌 KIDDING],2023-08-26T06:04:54Z
Bass_Yein Kim,,O890V5Mo2A4,이세계아이돌 키딩 챌린지 (Bass Ver.),2023-08-26T04:45:02Z
2LAB Choi's,,Q-XSOSyEf-Q,이세계아이돌 - KIDDING | Challenge Dance,2023-08-26T04:33:35Z
에네피 einefee,,HqSUuKDZ8Ck,데뷔 임박 버튜버의 #KIDDING 챌린지😻 #이세계아이돌 #3집6위가수,2023-08-26T03:00:10Z
명준 M_y_u_n_g_J_u_n,,PM9FaXqqfEc,Kidding-키딩 이세계아이돌 키딩챌린지 춤은 못추지만 커버라도...😢🔥,2023-08-26T02:29:57Z
명준 M_y_u_n_g_J_u_n,,R6gSJliGDO4,Kidding-키딩 이세계아이돌 키딩챌린지 춤은 못추지만 커버라도...😢🔥,2023-08-26T02:10:59Z
모로 Moro,,USI3Fegz-5Q,너무 어렵다는 이세계 아이돌 키딩 챌린지! #키딩챌린지 #KIDDING,2023-08-26T01:26:04Z
둉 Dyong,,jlZK2EDmckY,[COVER] 설렘은 잠깐이니까 💕  |  이세계아이돌 - Kidding  #키딩챌린지,2023-08-26T00:05:12Z
해블린,,EMl3IjDB7IQ,#kidding #키딩 #이세돌 #키딩챌린지 #이세계아이돌 #shorts,2023-08-25T23:02:30Z
어떤 녹쵸의 주크박스,,NCODLvjyVzs,"쵸키) 이세계 아이돌 - 겨울봄 (Covered by 쵸키, 모라라, 미카) / 2023 08 25",2023-08-25T20:28:23Z
Tomato7 ,,brmLmqn9ifk,VR 풀트래킹 이세돌-키딩챌린지 #Kidding #이세계아이돌  #shorts,2023-08-25T18:33:59Z
준동이,,EVmfGJuRn6s,죄송합니다... #KIDDING #키딩 #키딩챌린지 #이세계아이돌 #이세돌 #shorts,2023-08-25T14:35:17Z
H.W. S.,,YGD0rvqsR5A,오뱅계르크와 함께하는 이세돌 키딩 챌린지!! #kidding #이세계아이돌 #이세돌 #키딩 #키딩챌린지 #shorts,2023-08-25T13:23:37Z
은하리,,5qGhtRwZ4CM,KIDDING 고양이 챌린지 #kidding #이세계아이돌 #키딩챌린지,2023-08-25T12:28:39Z
오카루 토카 TOKAㆍlistella,,WnLbJAHBAKw,KIDDING 고양이 챌린지ver (kidding cat challenge) #kiddingchallenge #kidding #이세계아이돌,2023-08-25T09:37:35Z
응냥이 Euny,,6EYVzbmL94E,키딩짱 이세돌짱 캐치짱 이 셋의 만남... 기쁘다 #KIDDING #키딩챌린지 #이세계아이돌,2023-08-25T09:31:59Z
유진,,TpuQwBLJNnM,이세돌 KIDDING 챌린지 #키딩 #키딩챌린지 #KIDDING #이세계아이돌 #이세돌,2023-08-25T07:30:25Z
류얀,,YRZ6F8sHGVI,멤버별로 ✨의상 체인지✨ 🌿KIDDING🌿 챌린지 해봤습니다! #KIDDING #키딩 #키딩챌린지 #이세계아이돌 #이세돌,2023-08-25T04:12:49Z
제루씌,,7FdFaEMUF-c,💛느그자 눈나💛의 키딩 챌린지!!#KIDDING #키딩 #키딩챌린지 #이세계아이돌 #이세돌 #왁물원파크 #우왁굳,2023-08-25T03:11:30Z
응냥이 Euny,,0P0YO8jIdqQ,이세계아이돌 KIDDING 챌린지🎵 앙이도 빠질 수 없다냥🐾 #KIDDING #키딩챌린지,2023-08-25T00:09:04Z
조환서 [ChoHwanSeo],,wUuGn92djeQ,#이세계아이돌 #키딩  #ISEGYEIDOL #KIDDING #이세돌 #challenge #shorts #anime #왁타버스 #KPOPINPUBLIC #인기급상승,2023-08-25T00:03:16Z
돚거왕 히키킹 (공식),,jSN5xkFfFNw,어딘가 아픈 천양 키딩 챌린지 Kidding challenge 4k,2023-08-24T15:50:29Z
히키킹 Hiki King,,6k9YSVlFkUY,알고 들으면 무서운 키딩 챌린지 Kidding challenge 4k,2023-08-24T15:23:44Z
우앵두,,b_5bV87Fkgs,💙 고세구의 지하아이돌 KIDDING 챌린지 💙 #shorts #KIDDING #이세계아이돌 #이세돌 #키딩,2023-08-24T15:11:42Z
BNC_ diamond,,sMgoe-AXe58,이세계 아이돌 - 리와인드 in Minecraft [마인크래프트 고냥이타운 서버],2023-08-24T14:45:57Z
쪼용,,oNAlM-oXn1I,버거땅 연습룩 입고 #키딩챌린지 #이세계아이돌 #Kidding,2023-08-24T13:08:26Z
BingSu,,frsVZJBQk5E,KIDDING 챌린지🐱🎵 #KIDDING #키딩 #키딩챌린지 #이세계아이돌,2023-08-24T11:24:14Z
흐쯔_,,yPt_5tw9-6w,이세돌 키딩 챌린지 ~!❤️✨️ 아이돌로 변신..?? 하고싶었어요.. #이세돌 #이세계아이돌 #키딩 #키딩챌린지 #이세돌키딩 #踊ってみた #ダンス #댄스챌린지,2023-08-24T11:06:16Z
우사,,ngBpTHXOvR0,키딩 KIDDING 댄스 챌린지 #kidding #키딩챌린지 #이세계아이돌 #이세돌,2023-08-24T09:37:50Z
동태,,Lepl9Cvj_mc,느그자🦁의 키딩 챌린지 #KIDDING #키딩 #키딩챌린지 #이세계아이돌 #이세돌 #형사랑해💚,2023-08-24T08:57:55Z
츠키 つき,,kBTCmwkiF30,#이세계아이돌 #키딩 #KIDDING #키딩챌린지 ( ✌︎&#39;ω&#39;)✌︎,2023-08-24T08:41:41Z
니즈,,GNOft0oUx4c,나도 했다! 키딩~키딩🥰 #키딩챌린지 #kiddingchallenge #kidding #이세계아이돌 #shorts,2023-08-24T08:33:14Z
다롱 DARONG,,_DqzConqrVI,직접 춘 KIDDING 챌린지!! #kidding   #키딩 #키딩챌린지 #이세계아이돌 #kiddingchallenge,2023-08-24T07:50:55Z
똑순이,,dDsa9Qu8q94,이세계아이돌 KIDDING Challenge 도전 ~~🥰🥰🥰🥰 #shorts #키딩챌린지 #키딩,2023-08-24T07:37:10Z
198번,,WWHsfirffoM,마크 고멤의 KIDDING 챌린지 #shorts #KIDDING #키딩 #키딩챌린지 #이세계아이돌 #이세돌,2023-08-24T07:18:47Z
왁타버스 WAKTAVERSE,,NmtiiCImtow,이세계아이돌 KIDDING 안무 연습 영상 #Shorts,2023-08-24T04:45:00Z
고세구 GOSEGU,,jXTrO9dQags,직접 추는 kidding challenge! #키딩챌린지,2023-08-24T04:13:42Z
시오 しお,,Ba14e2MeRoc,이세계 아이돌 KIDDING 챌린지💖 #KIDDING #키딩 #키딩챌린지 #이세계아이돌 #이세돌,2023-08-24T04:07:05Z
캉난나,,TK4PeO-Ad7I,이세계아이돌 키딩 KIDDING 챌린지 [ ISEGYE IDOL ],2023-08-24T03:02:00Z
사락,,QfhdLXXUihE,[animation] 애니수공업 KIDDING 챌린지  #KIDDING #키딩챌린지 #이세계아이돌 #이세돌,2023-08-24T02:43:04Z
혜린,,thtTGLW5gNo,이세계아이돌 키딩 챌린지 두개재❤️‍🔥#KIDDING #키딩 #키딩챌린지 #이세계아이돌 #이세돌,2023-08-23T15:57:57Z
연주하는곰탱이,,EvCmsREnx7Y,이세계아이돌 (ISEGYE IDOL) - KIDDING (키딩) 키딩챌린지 full버젼 #violin #이세계아이돌 #키딩챌린지,2023-08-23T15:53:49Z
시즈카,,5jLkvp67vVI,#shorts #short #KIDDING #키딩 #키딩챌린지 #이세계아이돌 #이세돌 #vrchat,2023-08-23T15:44:35Z
땡깡DanceKang,,WpV8Dg_bSdk,버츄얼 탑 아이돌 따라잡기🍔 #이세계아이돌 #KIDDING #독학,2023-08-23T15:35:18Z
이세돌 안무가 지망생,,LmmdRINNtTI,1타 둘기의 KIDDING 안무 강좌 / #이세돌 #이세계아이돌 #왁타버스 #키딩 #키딩챌린지 #우왁굳,2023-08-23T15:31:39Z
이세돌 안무가 지망생,,Lu4V7CfyuBE,킹아🌱 #이세계아이돌 #왁타버스 #키딩 #키딩챌린지 #우왁굳 #이세돌,2023-08-23T15:28:27Z
릴파 lilpa,,XfHoLVmiyMU,KIDDING 챌린지✌😆✌ 함께하자~!!💖 #키딩챌린지 #kidding #Kiddingchallenge13,2023-08-23T15:13:35Z
햄보칸쿼카,,-8khlpdaUN4,KIDDING(키딩) - 이세계아이돌 챌린지 2트! 공간이 협소해서 제대로 못 췄다.. #kidding #이세계아이돌 #이세돌 #키딩 #키딩챌린지,2023-08-23T15:11:43Z
TV고로께,,YqzkhxoyXVY,이세계아이돌 ISEGYE IDOL - 키딩 KIDDING 챌린지,2023-08-23T14:10:59Z
김띠모,,tE8JohkrqC4,KIDDING 챌린지 치마입고 아이돌 버전?! 🐻 #KIDDING #키딩챌린지 #이세계아이돌,2023-08-23T12:49:36Z
말랑콩떡,,9B9DUsXyDpU,💚이세계아이돌-KIDDING 키딩 챌린지! 💚 #shorts #KIDDING #키딩 #키딩챌린지 #이세계아이돌 #이세돌,2023-08-23T12:05:48Z
흑마리,,Vd6q7Vps-rE,KIDDING 고양이 챌린지 #이세계아이돌 #kidding #kiddingchallenge,2023-08-23T12:05:04Z
김묘묘,,NsvNyc7Zg44,KIDDING🌱챌린지 #kiddingchallenge #키딩챌린지,2023-08-23T12:04:13Z
Vtuber_두부랑,,AKwz2MWX8z0,이세계아이돌 - KIDDING 챌린지 Official MV 춤 #vtuber #브이튜버#이세돌#키딩 #이세돌키딩,2023-08-23T10:41:32Z
유하띠 Yuhatty,,UOmom83kLAY,이세계아이돌 KIDDING 챌린지!🤍💜 #kiddingchallenge #키딩챌린지 #shorts,2023-08-23T10:00:14Z
Charming Jo 조매력,,rA1pmbKBHXA,이세계아이돌 키딩 챌린지 (Retro ver.)(With 박문치) #키딩챌린지 #kidding#이세계아이돌,2023-08-23T09:00:36Z
고세구 GOSEGU,,QHJ2faC2IJo,오펜하이머 초전도체급 틱톡유행 챌린지 #kidding #키딩챌린지,2023-08-23T08:55:40Z
UHU,,7Fwr5jqaz5Q,트래커 없이 Kidding 챌린지 참여하기 #kidding  #이세계아이돌 #이세돌 ​ #키딩 #키딩챌린지,2023-08-23T08:47:46Z
조환서 [ChoHwanSeo],,3ahLF7dxQlw,이세계아이돌 _ 키딩 #ISEGYEIDOL #KIDDING #이세돌 #dance #challenge #shorts #anime #왁타버스 #KPOPINPUBLIC #인기급상승,2023-08-23T08:46:08Z
델델 (delldell),,7jkbKPcDTrc,⛵항해 중에도 키딩은 못 참지!!! ⛵ #KIDDING #키딩챌린지 #이세계아이돌 #키딩,2023-08-23T08:00:08Z
_vege.__,,NI1hER77wrQ,이세계아이돌 3집 안무가들이 직접추는 KIDDING✌️💗  #kidding #키딩 #kiddingchallenge #이세계아이돌 #이세돌 #키딩챌린지 #vege #hyeily,2023-08-23T07:14:05Z
헤일리 Hyeily,,YBoBedPfkS0,이세계아이돌(ISEGYE IDOL) - KIDDING (키딩) 안무가 버전 시안 영상 [ Original Choreographer&#39;s demo ],2023-08-23T06:58:07Z
HelloOutdoors,,GK8rr2lcizk,이세계아이돌 &quot;키딩&quot; 안무연습 거울모드 Isegye Idol &quot;Kidding&quot; Dance Practice Mirrored,2023-08-23T06:53:45Z
마이곰이,,48UVj3U4Va8,🎵 이세계아이돌 키딩챌린지 #KIDDING #키딩 #키딩챌린지 #이세계아이돌 #이세돌,2023-08-23T06:05:48Z
마이곰이,,y34L4fMnB2Q,🌧️ 저예산 키딩챌린지 #KIDDING #키딩 #키딩챌린지 #이세계아이돌 #이세돌,2023-08-23T06:05:50Z
쁘토 ptty rabbit,,lTou0tbdvM8,[로블록스] KIDDING 챌린지[ ROBLOX ] ISEGYE IDOL - KIDDING #shorts #fyp #robloxedit #로블록스 #이세돌 #왁타버스 #이세계아이돌,2023-08-23T06:00:25Z
패느,,f1YVjbgxKuA,이세계아이돌 KIDDING 챌린지 #shorts #KIDDING #키딩챌린지 #이세계아이돌,2023-08-23T05:23:35Z
차령,,lhoww_zq1xk,🐱 KIDDING 챌린지 #KIDDING #키딩 #키딩챌린지 #이세계아이돌 #이세돌 #shorts #차령 #버튜버 #고양이ver #kiddingcatchallenge,2023-08-23T04:37:30Z
히키킹 Hiki King,,8AjpTrd1Nsg,더월드와 키딩 챌린지 Kidding challenge 4k,2023-08-23T02:05:08Z
김루야,,63cAgt_72vU,💙KIDDING 챌린지 #KIDDING #키딩 #키딩챌린지 #이세계아이돌 #이세돌,2023-08-22T23:52:36Z
깅도이,,_HfSUp2joMA,뚝딱좌의 이세계아이돌 KIDDING 챌린지🎵(악령이 깃든😱) #KIDDING #키딩 #키딩챌린지 #이세계아이돌 #이세돌 #깅도이,2023-08-22T23:00:12Z
고세구 GOSEGU,,h3ENaDt1cD4,요즘 유행하는 키딩 챌린지💙 #kiddingchallenge #키딩챌린지,2023-08-22T19:45:58Z
하늘,,SEgp6Y1zezI,와따시도 스리슬쩍 #KIDDING #키딩 #키딩챌린지 #이세계아이돌 #이세돌,2023-08-22T18:58:06Z
임재천 Imzecheon,,rFvAvftUXE8,임재천이 춤을 잘 추는 세계선 #KIDDING #키딩챌린지 #이세계아이돌,2023-08-22T18:05:33Z
물주사,,-ntY6vESLsQ,이세계 아이돌 - Kidding #shorts #키딩챌린지 #KIDDING #키딩 #이세계아이돌 #이세돌,2023-08-22T17:56:23Z
산골소녀🍂,,sD4sWaW_QOs,챌린지 절망편 #kidding #우왁굳 #이세계아이돌 #이세돌 #키딩 #키딩챌린지 #절망 #실패작,2023-08-22T16:37:53Z
이주인 / イ・ジュイン 【V-LUP】,,KdgaDGYzqdk,이세계아이돌-KIDDING 키딩 챌린지 #shorts #키딩챌린지 #키딩 #kidding,2023-08-22T16:32:49Z
밍키 mingky,,zt72a5lvydo,KIDDING Challenge #키딩 #이세계아이돌 #Shorts,2023-08-22T16:28:50Z
ForEstu,,mZg5lDeJ1as,KIDDING 키딩 챌린지 #shorts #KIDDING #키딩챌린지 #이세돌 #키딩 #이세계아이돌,2023-08-22T16:27:24Z
냐피카,,dW1bo3N2B64,냐피카 KIDDING 고양이 챌린지 ❤️ #kidding #이세계아이돌,2023-08-22T15:59:45Z
카야닝,,FyJHiTuzvVw,KIDDING 챌린지 #KIDDING #키딩 #키딩챌린지 #이세계아이돌 #이세돌,2023-08-22T15:40:10Z
수구리구리,,ndx7OU5i2c0,KIDDING 챌린지 #KIDDING #키딩 #키딩챌린지 #이세계아이돌 #이세돌,2023-08-22T15:34:47Z
수구리구리,,SngZBZpZqGA,세구님과 함께하는 키딩 챌린지💙 #KIDDING #키딩 #키딩챌린지 #이세계아이돌 #이세돌,2023-08-22T15:28:44Z
Dot Dot,,NvzcNoJkqUk,이세계아이돌 키딩 댄스 챌린지 #키딩 #키딩챌린지 #이세계아이돌 #이세돌 #우왁굳 #kpop #kpopshorts #challenge #kidding #shorts,2023-08-22T15:22:26Z
개수다,,wu0prgWB8w4,세구님과 함께하는 KIDDING 챌린지! 💙 #KIDDING #kiddingchallenge #이세계아이돌 #이세돌,2023-08-22T14:43:29Z
히히루나,,sZIuho1JmB4,30대몸치…이세계아이돌 KIDDING 댄스챌린지 형사랑해,2023-08-22T14:12:02Z
왁타버스 WAKTAVERSE,,QLabzK9TKF8,[이세계아이돌 KIDDING] 안무실 연습 장면 공개 - Dance practice,2023-08-22T12:30:17Z
리리땅,,JF0l5s5s3I4,이세계아이돌 - kidding 키딩~키딩챌린지 #이세돌 #이세계아이돌 #kidding #키딩 #키딩챌린지,2023-08-22T12:06:08Z
정담처리,,XTytkqAILJc,평범한 여중생의 키딩 챌린지❤ #KIDDING #키딩 #키딩챌린지 #이세계아이돌 #이세돌,2023-08-22T11:05:05Z
성춘,,1kVHn3ZhAac,이세돌-Kidding onetake cover #키딩챌린지#kidding#이세계아이돌,2023-08-22T10:36:43Z
루머리,,HaZVoX7Dphg,고1몸치 세균단의 키딩 챌린지 #kidding #KIDDING #이세계아이돌 #키딩,2023-08-22T09:50:11Z
O H L I,,as6WCcMxlG0,키딩 챌린지 가보자고 🔥 #KIDDING #키딩 #키딩챌린지 #이세계아이돌 #이세돌 #vr #vrchat,2023-08-22T08:20:55Z
한결,,Eq7hx3ehocs,버튜버가 직접 춘 이세계아이돌 - KIDDING 챌린지 #KIDDING #키딩챌린지 #SHORTS,2023-08-22T07:50:04Z
구슬요Beadyo,,o-xjyeahKP0,요즘 핫한 키딩 챌린지💕#KIDDING #키딩 #키딩챌린지 #이세계아이돌 #이세돌,2023-08-22T05:45:05Z
9호,,TE93Sjnos7s,KIDDING 챌린지🎵 #shorts #KIDDING #키딩챌린지 #이세계아이돌 #이세돌,2023-08-22T04:28:09Z
서리츄,,jIP3lKQMXrk,#KIDDING  #키딩챌린지 #이세계아이돌 #이세돌,2023-08-22T04:16:28Z
여르미 YEORUMI,,UxTqpnlGhRs,🐱KIDDING 고양이 챌린지💙 #kidding #이세계아이돌 #kiddingchallenge,2023-08-21T21:48:01Z
민네 Minne,,jdt0YZBwqkI,KIDDING 챌린지 🐱 #KIDDING #키딩 #키딩챌린지 #이세계아이돌 #이세돌 #Shorts,2023-08-21T20:51:53Z
하투,,XsPEbUsQy2Q,이세계아이돌 KIDDING (Cover.하투) #shorts #kidding #키딩챌린지,2023-08-21T19:49:02Z
이세돌 안무가 지망생,,ASvJnz2DNd4,이세돌 - 락 다운 안무짜는 이파리🌱 #왁타버스 #이세돌 #이세계아이돌 #락다운 #우왁굳 키딩챌린지,2023-08-21T17:09:39Z
섄디한,,kA5V_XN4y6c,U gotta be kidding 😼 요즘 가장 좋은 노래 챌린지! #이세돌 #kidding #kpop #vtuber #vrchat #우왁굳 #이세계아이돌,2023-08-21T16:15:59Z
이세돌 안무가 지망생,,XWgpT68HgpA,키딩 챌린지 촬영 교본 / #왁타버스 #이세돌 #이세계아이돌 #키딩 #키딩챌린지 #kidding #우왁굳,2023-08-21T15:57:05Z
센티미터,,NMThz-b6Y6g,이세계 아이돌 KIDDING Challenge #kidding #이세계아이돌 #shorts,2023-08-21T14:42:17Z
루센 LUCEN,,Ruf91Yfgygg,뚝딱이의 KIDDING 댄스 챌린지 #shorts,2023-08-21T14:40:29Z
햄보칸쿼카,,fFLCYgV2__o,이세계 아이돌 - KIDDING(키딩) 챌린지 참여합니다!  #KIDDING #키딩 #키딩챌린지 #이세계아이돌 #이세돌,2023-08-21T14:36:40Z
하선,,ycNkoT_p7qs,고삐리의 이세계아이돌 - KIDDING 챌린지 춤춰보았다! #키딩 #KIDDING #키딩챌린지 #이세돌 #이세계아이돌 #shorts,2023-08-21T13:50:50Z
유빨강,,oYkbPhhrCfE,KIDDING 챌린지 도전! #이세돌#이세계아이돌#키딩#키딩챌린지,2023-08-21T13:42:39Z
이세돌 안무가 지망생,,c6H-FlyrcrY,대형 그룹 안무가 이세돌 - KIDDING 챌린지 출동 / #왁타버스 #이세계아이돌 #우왁굳 #키딩챌린지 #이세돌,2023-08-21T13:38:18Z
설빛심심한족제비,,LugjumegiRQ,#kidding #이세계아이돌 #키딩 #이세돌 #키딩챌린지 #,2023-08-21T13:24:51Z
비챤의 나랑놀아,,_LjLQPC9qrE,이세계아이돌의 KIDDING 단체 챌린지~,2023-08-21T13:22:56Z
jshua,,jQ_fn2UPp5g,이세돌 안무 시안 댄서들의 KIDDING    #KIDDING #키딩 #키딩챌린지 #이세계아이돌 #이세돌 #kpop,2023-08-21T13:10:24Z
쌤써니 samsunny,,J7skXZfLX7Y,이세계아이돌(ISEGYE IDOL) - KIDDING #shorts  #챌린지  #이세계아이돌,2023-08-21T12:44:07Z
Go롼,,TsAAD8Lw5pI,걸그룹춤 좋아하는 남자의 이세계 아이돌 Kidding 챌린지 #kidding #이세계아이돌 #왁타버스,2023-08-21T12:30:56Z
임도킹,,_yrx43mQb7w,도퀸땅♥의 이세계아이돌 Kidding 댄스 챌린지,2023-08-21T12:08:26Z
시프 siF,,AFb8VW-6W1k,왁굳님께서 제 영상을 보셨다길래... 🕶✨️ #KIDDING #키딩 #키딩챌린지 #이세계아이돌 #이세돌,2023-08-21T11:54:37Z
찬물,,82z2XLbGgEo,이세돌 폼 미쳤다 ​#KIDDING #키딩 #키딩챌린지 #이세계아이돌 #이세돌,2023-08-21T11:47:05Z
릴파의 꼬꼬,,LjBhZz_mYZ8,이세돌 실물 유출?!?!,2023-08-21T11:05:15Z
오코이 OKOI,,Gt4Ds7CMviM,이세계아이돌 KIDDING 댄스 챌린지 💖 #키딩챌린지 #이세계아이돌 #이세돌,2023-08-21T10:14:14Z
Haruti_하루티,,sPE3YEwYd6Q,키딩챌린지하는 릴파님! #이세계아이돌 #fanart #릴파 #키딩 #kidding #shorts,2023-08-21T09:35:06Z
김띠모,,CRS9Q-rm1MM,KIDDING 챌린지🐻 #KIDDING #키딩챌린지 #이세계아이돌,2023-08-21T07:47:19Z
두디콩,,7h-NkVvBSlo,키딩챌린지 #KIDDING #키딩 #키딩챌린지 #이세계아이돌 #이세돌,2023-08-21T07:26:32Z
리처드복,,ycj1VxxYcP8,이세계아이돌 KIDDING챌린지 @waktaverse @woowakgood #징버거 #똥강아지 #KIDDING #키딩 #키딩챌린지 #이세계아이돌 #이세돌,2023-08-21T06:57:27Z
비챤의껌딱지,,jGd5AQlYXOE,이세계아이돌 신곡 kidding!!,2023-08-21T05:39:37Z
절대 악 - 카오피,,hsOo28v6RKo,이세계 아이돌 KIDDING 챌린지  #KIDDING #이세계아이돌  #이세돌 #키딩챌린지 #키딩,2023-08-21T05:16:53Z
아이네 INE,,3gOpQCo4TDE,KIDDING 챌린지🎵 같이해요!!! #KIDDING #키딩챌린지 #이세계아이돌,2023-08-21T05:17:44Z
미즈망의 일상,,P1r4nUWYvqM,미국 팬치도 참지 못한 키딩 챌린지 💖 #KIDDING #키딩 #키딩챌린지 #이세계아이돌 #이세돌,2023-08-21T04:07:31Z
웃교수,,u5H7ZGdRXgo,💖이세계아이돌 KIDDING(키딩) 선생님 ver. #웃교수 #키딩챌린지,2023-08-21T03:32:18Z
개르미,,_lWTC-oncnU,이세계아이돌 키딩 챌린지!! #KIDDING #키딩 #키딩챌린지 #이세계아이돌 #이세돌 #kidding #이세계아이돌 #이세돌,2023-08-21T02:30:00Z
나무땅,,y3VepJVN9A8,이세계 아이돌 3집 KIDDING 챌린지! ＞ㅁ＜ #KIDDING #Shorts,2023-08-20T21:11:19Z
족마신,,3WrBcrF7lok,천사의 키딩 챌린지 #KIDDING #이세계아이돌 #shorts,2023-08-20T20:51:45Z
이무지,,mCWai_RjBVI,[ KIDDING (키딩) - 이세계 아이돌] 댄스 챌린지 #shorts,2023-08-20T20:14:09Z
모비딕,,WX1NYt8AkX8,고등아의 이세돌 - KIDDING (키딩) 챌린지 #이세계아이돌 #이세돌 #키딩챌린지 #키딩 #kdding #kddingchallenge #고등아는고등어,2023-08-20T19:44:39Z
이세돌 안무가 지망생,,nxr0LYVCT_g,이세돌(이세계 아이돌) - Lock Down / 창작안무 #왁타버스 #우왁굳 #이세돌 #이세계아이돌 #락다운,2023-08-21T01:39:22Z
Kanaph Ch. 카나프,,OnL6vsz2ixg,KIDDING 고양이 챌린지ver. (kidding cat challenge) 🐱 #kiddingchallenge #kidding #이세계아이돌,2023-08-20T18:04:04Z
찰리씨,,6upDOhqcLY4,오뱅계르크를 위한 이세계아이돌 KIDDING 챌린지 #kidding #키딩 #키딩챌린지 #이세계아이돌 #이세돌 #shorts,2023-08-20T16:55:53Z
임도킹,,OoJ--Q93TW0,이세계아이돌 Kidding 댄스 챌린지 #shorts,2023-08-20T15:47:41Z
빈스,,07s1SSRpmQA,이세계 아이돌 KIDDING 댄스 챌린지 #shorts,2023-08-20T15:23:04Z
유쥬,,mQ2mRR77S78,LCK 결승 끝나자마자 이세계아이돌 - KIDDING 추기 #KIDDING #키딩 #키딩챌린지 #이세계아이돌 #이세돌,2023-08-20T14:37:23Z
Johyeon,,LVjaKZaJKrc,#shorts #KIDDING #키딩 #키딩챌린지 #이세계아이돌 #이세돌,2023-08-20T14:29:09Z
민수초이,,jChGX2RvA_o,이세돌의 키딩이요~ / #KIDDING #키딩챌린지 #이세돌 #이세계아이돌,2023-08-20T13:31:44Z
마왕의 심연,,nGs8ri-Lfus,이세계아이돌 키딩챌린지! #KIDDING #키딩 #키딩챌린지 #이세계아이돌 #이세돌,2023-08-20T13:10:42Z
릴파의 꼬꼬,,7NZ3Xd9R-y8,이세계아이돌 - &#39;KIDDING&#39; (Dance performance video in 이세계 홈파티),2023-08-20T12:36:52Z
설빛심심한족제비,,bScsCn6faRg,#이세돌 #KIDDING #키딩 #키딩챌린지 #이세계아이돌 #멜론6위,2023-08-20T12:26:56Z
레드,,GF0LBI8cbHQ,닛몰캐쉬님 옷 주워입은 이세돌 #키딩챌린지 #이세계아이돌 #kidding #shorts,2023-08-20T12:22:21Z
윤대대,,U6TT-IukR1g,이세계 아이돌 KIDDING 댄스 챌린지 #shorts,2023-08-20T11:47:56Z
호발 HOBAL,,DIqlMx63FnI,이세계 아이돌-KIDDING 챌린지!! #kidding #이세돌 #키딩챌린지 #dancechallenge #shorts,2023-08-20T11:28:13Z
밍키 mingky,,OQ5yC6LkAdo,이세계아이돌(ISEGYE IDOL)-KIDDING 고양이 챌린지 (kidding cat challenge) #Shorts,2023-08-20T10:50:57Z
Akuru Ch. アクル,,r1iurSRXNN8,이세계아이돌 (ISEGYE IDOL) - KIDDING 키딩 챌린지 #shorts,2023-08-20T10:21:52Z
야힛,,tEFTUjW2mnk,VR Chat 초보가 직접 춘 이세계아이돌 - Kidding #이세계아이돌 #kidding #키딩 #키딩챌린지,2023-08-20T09:21:19Z
G.M J,,7v7g1NmKVgA,가면라이더 1호 kidding 챌린지 #kidding #이세계아이돌 #이세돌,2023-08-20T08:24:16Z
AI 세종대왕,,4mZjPOwA0NQ,이세돌 실사판(ISEGYE IDOL) - (키딩)KIDDING Official MV &quot;AI버전&quot; #shorts,2023-08-20T08:00:02Z
메용223,,MJJnEtIs6LQ,여고생이춘 키딩 #KIDDING #키딩 #키딩챌린지 #이세계아이돌 #이세돌,2023-08-20T07:03:44Z
JuNN [Dongjun Jung],,8o0JkGDsilM,이세계아이돌 (ISEGYE IDOL) / KIDDING (키딩)  [짧은 기타 커버],2023-08-20T07:00:06Z
메용223,,Vx9zPg3Wgzs,여고생이 춘 키딩 #KIDDING #키딩 #키딩챌린지 #이세계아이돌 #이세돌,2023-08-20T06:59:09Z
윤유주 유니버스,,hKzoVvzj_FQ,아 키딩띠 #KIDDING #키딩 #키딩챌린지 #이세계아이돌 #이세돌,2023-08-20T06:25:55Z
붕어뚤기,,37UMY6YTFTI,춤 못춰서 딴걸로 대체한 키딩챌린지 #kidding#키딩#이세돌#이세계아이돌#키딩챌린지,2023-08-20T05:47:31Z
우왁굳의 돚거,,r6xaXYuopus,리얼 여고생분들의 키딩 최초공개 리액션,2023-08-20T05:11:42Z
도넛머신,,DCCcUTS3hos,나도 아이돌 할 수 있어 #KIDDING #키딩 #키딩챌린지 #이세계아이돌 #이세돌,2023-08-20T04:32:12Z
단치,,02ksxa5XvnM,중딩 방구석 춤 #KIDDING #키딩 #키딩챌린지 #이세계아이돌 #이세돌,2023-08-20T03:35:26Z
김커일,,NvHfJpj46l0,남고생 팬치 KIDDING 챈린지              #KIDDING #키딩 # 키딩챌린지        #이세계아이돌 #이세돌,2023-08-20T02:39:58Z
하네 HANE - 로블록스 게임채널,,DbEn2Soqaw4,✨이세계아이돌 KIDDING 챌린지 #KIDDING #키딩 #키딩챌린지  #배드워즈키트#robloxbedwars #roblox,2023-08-19T20:37:01Z
CLTH,,68dCRCx12Xw,이세돌 키딩 작곡가들 음악감상회,2023-08-19T18:49:26Z
춤추는엘레,,yM1C68DMeBc,이세계아이돌(ISEGYE IDOL) KIDDING(키딩) 챌린지 #키딩챌린지,2023-08-19T18:24:56Z
윾튜브 짭치 출신 돚거,,h-sISfU5Hkw,KIDDING 챌린지 #kidding #키딩챌린지 #이세계아이돌 #이세돌,2023-08-19T17:06:55Z
릴파 lilpa,,uF21rqUKxjw,🐱KIDDING 고양이 챌린지ver. (kidding cat challenge) #kiddingchallenge #kidding #이세계아이돌,2023-08-19T17:01:50Z
은푸,,Xmjr70FLTKk,👀23.08.20 빡세게ver. #KIDDING #키딩 #키딩챌린지 #이세계아이돌 #이세돌,2023-08-19T16:47:12Z
은푸,,Q3_xI6YiYxA,23.08.20새벽연습 키딩챌린지 #KIDDING  #키딩  #키딩챌린지  #이세계아이돌  #이세돌,2023-08-19T16:43:19Z
그 사람이 알고싶다,,2b5sSh7W1oI,"3집으로 돌아온 그녀들! 이세계 아이돌, 그녀들에 대한 TMI",2023-08-19T16:25:05Z
김까봉,,ekiFXP-Uu-I,흔한 여중생의 이세계아이돌 KIDDING 챌린지💓 #이세계아이돌#kidding #이세돌,2023-08-19T15:53:01Z
하이코어,,PqajqCY19Ow,몸치 고1의 키딩챌린지 ㅌㅅ #kidding #이세계아이돌 #이세돌 #키딩 #shorts #KIDDING,2023-08-19T14:57:06Z
왕꿈틀이 WANGGGUMTEULI,,S0Vh9Z_Wgcc,이세계아이돌 KIDDING 챌린지 #KIDDING #키딩 #키딩챌린지 #이세계아이돌 #이세돌,2023-08-19T14:37:23Z
유리창,,ftZhLSNSdeI,얼레벌레 키딩챌린지 #KIDDING #이세계아이돌 #이세돌 #키딩 #키딩챌린지,2023-08-19T14:32:57Z
팔성이 8STAR,,-enqiYNWtbQ,이세계아이돌 키딩 ISEGYE IDOL KIDDING 춤춰보았다,2023-08-19T14:08:30Z
남도형의 블루클럽,,sG9MmJiCku0,이세돌 키딩을 들은 뢴트님과 남도형 찐반응,2023-08-19T13:47:54Z
마사911,,gkPr9zmFyRs,키딩챌린지 손댄스 #KIDDING #키딩챌린지 #키딩 #챌린지 #이세계아이돌 #이세돌 #kidding,2023-08-19T12:21:11Z
하토피아 HATOPIA,,CdMKUHVp994,🩵이세계아이돌 커버하는 아이...ㄷㅗㄹ...🪨 #키딩챌린지 ✨ #KIDDING,2023-08-19T10:00:15Z
마레플로스 (Mare Flos),,m52ajPGde7I,이세계아이돌 - KIDDING (키딩) 최초공개 이모팬 찐반응 및 리뷰 | 이세돌3집,2023-08-19T09:45:04Z
인지,,_9KQ3LM7S1k,이세계아이돌 마법소녀 애니화 유출 #이세계아이돌 #이세돌,2023-08-19T07:40:13Z
비챤의 나랑놀아,,tnZfOGQjXw4,3집 또 유출됐다,2023-08-19T07:38:53Z
GAMJA,,Ppl3ao7KaZs,[이세계아이돌 - 키딩 ]안무는 채택안되어도 나는 노래를 1년먼저 들었지롱,2023-08-19T03:05:29Z
이세계아이돌 떡상 기원 채널,,s4XnGxZzapw,이세계아이돌 (ISEGYE IDOL) - KIDDING (키딩) Color Coded Lyrics [Han|Rom|Eng]#shorts #이세돌 #이세계아이돌,2023-08-19T02:39:33Z
밍키 mingky,,yc9hxJ2-cDw,이세계아이돌 (ISEGYE IDOL) - KIDDING (키딩) mingky ver. #Shorts,2023-08-18T13:31:30Z
카린야 Calinya,,KOTj9mZhnZs,이세계아이돌-KIDDING 키딩 챌린지 #shorts #KIDDING #키딩 #키딩챌린지 #이세계아이돌 #이세돌,2023-08-18T11:01:12Z
ISEGYE IDOL - Topic,,F113VnSZzI0,KIDDING (Inst.),2023-08-18T09:04:29Z
왁타버스 WAKTAVERSE,,rDFUl2mHIW4,이세계아이돌 (ISEGYE IDOL) - KIDDING (키딩) Official MV,2023-08-18T09:00:08Z
KIRIN BEATBOX,,GXBKYvzv2KY,Paper Dj Challenge #shorts #beatbox #이세계아이돌 #cover #lockdown,2023-08-14T11:49:29Z
고세구 GOSEGU,,oxB8R56Ayyw,이세계 아이돌 부캐들의 최애 간식은?,2023-08-14T08:48:26Z
왁타버스 WAKTAVERSE,,sGRkce9TLQk,이세계아이돌 - KIDDING / Concept Trailer,2023-08-13T09:00:08Z
한국 버튜버 뮤직통,,Xh87AmmWFlQ,[한국 버튜버] LOCKDOWN｜Cover 순위,2023-08-08T00:14:34Z
털어드림,,DosxJcLegKI,이세계아이돌 고세구가 인기많은 이유,2023-08-06T04:00:05Z
고세구 GOSEGU,,dFVIviR2cw8,우왁굳: 뒤질래 진짜?,2023-07-29T00:20:05Z
EIRENE,,aH5_Uwsbcu0,이세돌 - Another World!! #vrchat #eirene #vrc #challenge #이세계아이돌 #루나틱스 #어나더월드챌린지 #이세돌,2023-07-26T23:48:11Z
고세구 GOSEGU,,DDQKNE6ok7Q,드디어! 여섯명이 만났스빈다!,2023-07-24T13:42:04Z
왁타버스 WAKTAVERSE,,vUifbRzKueI,"이세계아이돌 LOCKDOWN 댄스 퍼포먼스 🎵🔥 (아이네, 징버거, 주르르)",2023-07-23T17:44:30Z
왁타버스 WAKTAVERSE,,8KTFf2X-ago,이세계아이돌 (ISEGYE IDOL) - Another World (어나더 월드) Official MV (차원을넘어 이세계아이돌 웹툰 OST),2023-07-21T09:00:08Z
봉인 풀린 주르르,,TwwUPOR4COI,과자 가져오고 싶은 릴파언니,2023-07-20T07:00:11Z
KONOUNME,,gm2JL1dtoP0,이세계 아이돌 공모전 탈락 곡 - 네가 그곳에 없더라도,2023-07-19T15:03:10Z
ZEPETO비즈,,REKT7n5IQ4c,#metaverse #zepeto #zepetoedit #zepetofyp #메타버스 #제페토 #챌린지 #lockdown #이세계아이돌 #zcc클래스 #제페터클래스,2023-07-19T11:30:14Z
공률 RYUL,,rCsTz6BtFVo,[우왁굳 반응] 역대급 레전드 포상 리액션..,2023-06-27T09:39:36Z
WIKITREE 위키트리,,k04SDhtgSu0,"이세계아이돌, 버추얼 그룹 최초로 &#39;멜론의 전당&#39; 올랐다 #shorts",2023-06-27T05:30:12Z
고세구의 좀 더,,zIactykhes0,긴급 LOCKDOWN 쇼츠 챌린지 풀영상,2023-06-26T17:00:34Z
풍신,,gLHI7DqdqGI,[풍클립] 뒤틀린 황천의 이세계아이돌,2023-06-24T15:00:35Z
미친감성 (감성사운드),,T0Ft0zpNBVM,네..? 2D 아이돌이요? 작곡가의 관점에서 본 이세계아이돌 (ISEGYE IDOL) - LOCKDOWN 리뷰! [미친감성] 미디 작곡 보컬 Kpop 케이팝,2023-06-23T08:58:25Z
슈쥬,,jJlL24_yV0U,이세계아이돌 징버거님 그리기 #shorts #가족그림 #그림쟁이 #이세계아이돌 #징버거,2023-06-22T09:59:17Z
털어드림,,ySPdItGKsS8,"과거 현실 아이돌이었던 그녀, 7가지❗털어드림❗",2023-06-20T10:25:15Z
왁타버스 WAKTAVERSE,,zlg2qh93Ba8,이세계아이돌 X 카카오 이모티콘 발매!,2023-06-18T17:42:33Z
꿀재미슈,,UIn5g_HfVCE,90년대부터 있었던 「AI · 버츄얼」 가상 아이돌 #shorts,2023-06-13T08:00:18Z
고세구 GOSEGU,,gAqQ4-PHkxA,화면만 봐도 부담스러운 춤 #퀸카챌린지 #shorts,2023-06-12T04:50:27Z
비챤 VIichan,,S_kU51dKeuM,우 나 퀸카~💖👑 #QueencardChallenge #shorts,2023-06-06T07:27:43Z
우왁굳의 돚거,,61Sjl3wuXgI,이세계아이돌 관..,2023-06-04T06:17:38Z
오코이 OKOI,,HJr573cUmu0,이세계아이돌 실사판 ❤️ REWIND 일본에서 춤춰보았다 🗼🫶,2023-05-23T07:11:09Z
봉인 풀린 주르르,,eFQMQaaU1lg,아이돌[최애의 아이 OP] 이세돌과 같이보기,2023-05-19T18:11:51Z
주르르 JURURU,,z6RSOiYOVuQ,[MV] 아이돌 (최애의 아이 OP)｜Cover by 주르르 (feat. 비챤),2023-05-17T11:00:09Z
고세구 GOSEGU,,3cjFlo4Zzd4,어쩐지 킹받는... #아디아디아디챌린지 #shorts,2023-05-16T19:51:42Z
데빌_범우,,_hsX0cTtqLg,빵떡돌!!안에 무언가?    #왁타버스 #이세계아이돌 #이세돌,2023-05-14T12:26:19Z
aiqweas,,uLgXWV_8M8Q,헐 이세돌 멤버들이 실사화된다면?ㅎㄷㄷ 넘 이쁨ㅜㅜ❤,2023-05-04T16:36:52Z
글랭_GlobalRanking,,-4ZpnVp5zYQ,이세계아이돌 개인 커버곡 조회수 순위 TOP6 #shorts,2023-05-03T08:48:36Z
룬🧸roon RE:WIND,,cWvEo50MgG8,이세계아이돌 개인 커버곡 조회수 순위,2023-02-07T08:23:59Z
쌀핀,,JP_Z5xgJkgo,이세돌 디아볼로스 요약,2023-02-05T11:15:02Z
왁타버스 WAKTAVERSE,,zlqegCc4Hvc,이세계아이돌 빵떡버전 #Shorts,2023-01-15T19:15:01Z
유성,,oTN5WKLv5E8,??? : 이세계아이돌 리와인드요,2022-12-26T14:33:58Z
비챤 VIichan,,Tioxn417ZqQ,이세계 아이돌의 &quot;Pink Venom&quot; 챌린지🖤 #shorts,2022-08-30T03:55:14Z
알고IT니,,EOx0L2VQHIs,131조 2000억원이 있으면.. 이세돌 광고를 때릴게요(?) #엔젤님 #shorts,2022-08-11T08:02:00Z
오띠,,B03XNcr_aug,이세돌이 왜..#이세계아이돌 #이세돌 #버튜버,2022-07-30T18:51:30Z
아랑개비,,gpNOEGCiFUw,놀라운 토요일에 나온 이세계아이돌 - 리와인드편,2022-04-10T02:01:02Z
땡깡DanceKang,,2HGexuf1PRY,🍔땡버거,2022-03-24T09:42:05Z
장미 Jang mi,,J4lqEV1-xNk,이세돌 안무가 인사드립니다🙇‍♀️ #shorts #이세돌 #이세계아이돌,2022-03-01T10:13:25Z
장미 Jang mi,,SKqvBqhmc30,이세계 아이돌 하이라이트 안무 시안 ver.,2021-12-21T17:26:08Z
왁타버스 WAKTAVERSE,,fgSXAKsq-Vo,이세계아이돌 (ISEGYE IDOL) - 리와인드 (RE:WIND) Official MV,2021-12-21T15:00:11Z
왁타버스 WAKTAVERSE,,bzNZ4TBOLHI,이세계 아이돌 최종 멤버 합격 반응 #Shorts,2021-08-28T17:20:46Z
킴루기,,1lsoAqBpjGQ,이세돌 kidding 넘 좋당!♥     #제페토 #kidding #이세돌 #이세계아이돌,2023-10-10T05:36:24Z
내맘찍영,,5Gg0u3TMf_4,23/10/09(월) &#39;이세계 아이돌 - 키딩&#39; 변하율(Byun Ha-Yul)치어리더,2023-10-10T05:12:07Z
user000x09,,ZWP6mS8Q56g,이세계아이돌 (ISEGYE IDOL) Reaction,2023-10-09T21:35:04Z
개수다,,exc-EpTMzaY,홍대와 강남까지 진출한 아이돌 그룹? #이세돌 #이세계아이돌,2023-10-09T20:40:10Z
선비강림,,x2eZnIs5mig,이세계아이돌 - Superhero &amp; Over (이세페곡) 내맘대로 분석리뷰,2023-10-09T16:11:35Z
흑대,,W2dfGDXs570,(자막/타이포)이세계아이돌- superhero [발로란트 커버/ VALORANT GUN SYNC],2023-10-09T13:50:56Z
쵸리.CHORI,,OeHYUz7gUeE,&#39;Kidding(이세계아이돌) 공연&#39; 박신비 치어리더(Park Sin Bi) @프로야구(기아타이거즈)/231003/4K By 쵸리(Chori),2023-10-09T13:00:30Z
이효준,,8kjgYXR47CQ,Beat Saber[비트세이버] | 이세계아이돌(ISEGYE IDOL) - 키딩(KIDDING) [Expert+],2023-10-09T12:57:45Z
J-Walks,,ZHRjAiRFYu4,이세계아이돌 신곡 유출 의혹,2023-10-09T12:52:01Z
자수디자이너 지니,,r-kdL2nJZ38,이세돌 Kidding 들으며 뉴진스 토끼 키링 만들기 #kidding #이세계아이돌 #이세돌 #뉴진스 #뉴진스토끼 #newjeans #keyring #embroidery #자수,2023-10-09T12:40:00Z
143 ARCHIVE,,zm7o45kVTi4,이세계아이돌 KIDDING을 커버해 봤습니다 #kidding #limelight #이세돌 #Shorts,2023-10-09T12:38:06Z
143 ARCHIVE,,AVHsjTFiqU0,[세모콘 Ep.1] 이세계아이돌 KIDDING을 커버해 봤습니다 (Feat - LIMELIGHT 라임라잇),2023-10-09T12:00:08Z
판윌🐼,,Xu0qcLAyd18,이세계아이돌[키딩),2023-10-09T11:57:42Z
아트비트 유빈 중독자,,IpJs3KQTd7Q,이세계 아이돌 키딩,2023-10-09T11:55:35Z
김다빈,,ypDRkoG47ZI,이세계아이돌-이세계싸이퍼 고세구님파트 커버 #이세계아이돌 #이세돌 #고세구,2023-10-09T11:01:20Z
김다빈,,Uqcatidu2lQ,이세계아이돌-이세계싸이퍼 징버거님파트 커버 #이세계아이돌 #이세돌 #징버거,2023-10-09T10:59:16Z
김다빈,,qzgHHiUAd9o,이세계아이돌-이세계싸이퍼 비챤님파트 커버#이세계아이돌 #이세돌 #비챤,2023-10-09T10:56:09Z
김다빈,,uFvq3uzRmG8,이세계아이돌-이세계싸이퍼 아이네님파트 커버~~ #이세계아이돌 #이세돌 #이세계싸이퍼,2023-10-09T10:51:58Z
レンプ렌푸,,WouJqmWfxeE,여러분의 최애 앨범은?/이세계아이돌/키딩/아이브쥬얼/이서,2023-10-09T10:49:08Z
상큼ᰔᩚ♬💗,,gErItsnPeeY,널 잡고 놓아주지 않을거야❤ #kidding  #이세계아이돌 #shorts #제페토,2023-10-09T10:09:34Z
띠링띵띵,,bLkQcXn9-Tc,이세돌 입덕정류장 만들기 #shorts # 3dpen #이세계아이돌 #왁타버스 #우왁굳 #뢴트게늄,2023-10-09T10:08:52Z
징버거 JINGBURGER,,Kjzee53tvZ4,뭐가 달라졌게😋❓ #Shorts #이세계아이돌 #징버거,2023-10-09T10:00:12Z
기타공간 [쉬운 핑거스타일],,IznwCM1h_TU,Kidding - 이세계아이돌 [쉬운 핑거스타일 기타] ★★★★★,2023-10-09T09:39:40Z
루니루니이야기,,L4kzYxh0EWs,#Kidding#이세계아이돌,2023-10-09T08:52:38Z
NIDA,,tHvPkUkCNjE,이세계아이돌 키딩 흑화버전 4가지,2023-10-09T08:44:34Z
보민이BOMIN,,LCXwLJGXyKY,키딩-이세계아이돌,2023-10-09T08:23:13Z
새싹이🌱💚떡락 멈춰ㅓㅓ,,HARvBVbzUtE,이세돌 신곡대박이누....#이세돌 #키딩 #이세계아이돌,2023-10-09T07:45:52Z
마츠토키 MatsuToki,,dVGlQb5_foE,But You Want More - 이세계 아이돌(MatsuToki Remix) #shorts,2023-10-09T07:28:09Z
문보경,,sH8lHx1iNRo,이세계아이돌 키딩 독학 아직 못 외웠음요,2023-10-09T07:26:36Z
🍁夜明け(새벽)🧡,,AqvBJ786_nE,#그림쟁이 #art #팬아트 #drawing (그동안 그린 #이세계아이돌 #팬아트팬모음집),2023-10-09T07:20:00Z
요묘,,1eJUvugtkl4,이세계아이돌-KIDDING!,2023-10-09T06:56:11Z
달타,,h7majzCSaqs,🐈 이세계아이돌 (ISEGYE IDOL) - KIDDING (키딩) 🐈 달타 cover,2023-10-09T06:30:09Z
뮝,,GeUcCFWGGOM,이세계아이돌 스티커 그리기! #그림 #추천 #팬아트 #이세계아이돌 #speedpaint #short #shorts,2023-10-09T05:26:48Z
총이,,q6XGGCgJKWM,이세계아이돌,2023-10-09T04:56:42Z
유나,,Qj7eshoTwhY,이세계 아이돌 너는 대체 누구야(구독자여!),2023-10-09T04:39:41Z
뿌렝ꗯ̤̱ ,,APHcls3ucpw,10만원 포카포장#리즘아도와줘 #이세계아이돌 #포장계 #포장 #자작,2023-10-09T04:26:11Z
채은💖,,JDDuwIR-LIo,이세계 아이돌 멤버 되려면은 어떻케 해야죠?ㅋㅋㅋ,2023-10-09T04:02:20Z
 김준현 ,,eyf3xKJcqn0,제페토 키딩 (이세계아이돌) Zepeto kidding #이세계아이돌 #이세돌 #키딩 #shorts (제페토 7화),2023-10-09T04:03:34Z
승아랑 사랑,,WdRym37PzGE,이세계 아이돌2편,2023-10-09T03:50:48Z
고세구의 좀 더,,oWHWCvT3cq4,뉴세구 근황 공개!,2023-10-09T03:51:18Z
노래하는~뽀로롱!,,nzgeyOlZc0M,이세계아이돌-kidding들리는 대로 가사 쓰기#이세계아이돌 #shorts,2023-10-09T03:48:17Z
민트초코칩,,EeGH4mpLkZU,kidding-이세계 아이돌 만약 80 명 되면 이 춤 추겠음ㅋㅋ #알고리즘 #제발떠라 #떡상하자,2023-10-09T03:35:11Z
구슬이당ෆ,,tAxbFfXLM-I,이세계아이돌 노래 좋다❤️‍🔥 템플출처:이설님,2023-10-09T02:45:24Z
나랑놀자😊,,j1ok1UjnH_Y,뭔가가  이상한(?)이세계 아이돌  노래ㅋ,2023-10-09T02:12:19Z
nicolas no h,,xLFnVzFQkBY,FIRST TIME REACTION TO ISEGYE IDOL(이세계아이돌) - Over + Superhero  (슈퍼히어로) 이세계 페스티벌 Ver. Reaction |🧊🦸,2023-10-09T00:27:43Z
user000x09,,fHy89bBY3nY,이세계아이돌 (ISEGYE IDOL) Reaction,2023-10-08T22:32:13Z
고세구 GOSEGU,,BfSYqpuN8bU,르세라핌 이푸프 고세구 애니메이션!,2023-10-08T16:12:05Z
내가낸데,,JHtmyj6zYeU,이세계 페스티벌 드론쇼 #이세계페스티벌 #이세계아이돌 #드론쇼,2023-10-08T16:00:13Z
마츠토키 MatsuToki,,akqWQFtN57Y,But You Want More - 이세계 아이돌(MatsuToki Remix),2023-10-08T15:24:58Z
공일,,UwrbmyVI8m4,이세계 아이돌 아이네를 다시 그려보았습니다 #이세돌 #아이네 #shorts #kidding,2023-10-08T14:42:54Z
심술쟁ol바지,,b-tITr9y8XA,[손그림]이세계아이돌_릴파(Kidding),2023-10-08T14:29:56Z
하연𝐡𝐚𝐲𝐞𝐧,,Z6V9HX7ew_M,이세계 아이돌,2023-10-08T14:23:23Z
이민트에세이,,21AhUv6ae6o,#zepeto #shorts #이세계아이돌  #Kidding,2023-10-08T14:04:42Z
마카,,p54RUYf4K5I,학생 비챤님 그리기 #그림 #이세계아이돌 #이세돌 #speedpainting #비챤,2023-10-08T13:29:02Z
서준,,RyaqE9MXEtQ,#이세계  아이돌 #제발 조회수 많이 나와라 젭알ㅠㅠ,2023-10-08T13:05:54Z
공듀 잼민이,,OalYZ1l3qGY,나만 이세돌 몰랐어....?#공듀#웹#마법소녀 이세계 아이돌,2023-10-08T13:05:16Z
츄 チュ,,QIQZT80HaYM,【이세돌】 이세계 아이돌 &#39;우왁!! 마법소녀다!! 굳~&#39; 무대 【제174회 서울코믹월드 토요일】,2023-10-08T12:57:58Z
사슴 Deer,,b-Z93wxpk2g,제 174회 서울 코믹월드 무대 [이파리들의 아이돌] 이세계 아이돌 - KIDDING,2023-10-08T12:18:38Z
마사911,,krfRXMZi-Ns,버거땅 생일축하해💛💛💛 #이세계아이돌 #징버거 #징버거생일,2023-10-08T11:37:51Z
JIYU,,CDftT7aCgT8,🥺💗 #cosplay #cosplayer #koreancosplayer #kidding #이세계아이돌 #이세돌kidding #kiddingchallenge #주르르,2023-10-08T10:39:18Z
루니루니이야기,,FEL6sffNUr0,#Kidding#이세계아이돌,2023-10-08T10:38:36Z
정포크,,VciTpkPcdQs,헌팅사냥꾼 오늘도 출동 #상황극 #vlog #애견카페  #이세계아이돌 #kidding #shorts,2023-10-08T10:27:30Z
달거나,,V4jOvkqbYgs,Kidding❤️ #이세계아이돌,2023-10-08T09:56:23Z
블랙시크 BLACKCHIC 👊,,m7IC9qlF0ao,episode 15 천안성정초등학교 #이세계아이돌 #KIDDING,2023-10-08T09:32:33Z
로별이TV,,N3xzzutkRuA,이세계 아이돌_키딩#shorts,2023-10-08T08:43:48Z
ExoticBankai Reaction,,a-R2YQ3bUmA,이세계아이돌 (ISEGYE IDOL) 프로 작곡가들이 5시간만에 노래를 만들면 Professional Producers make a song in 5 hours?! Reaction,2023-10-08T08:45:00Z
무쌩겨써,,TDNip6JNPfA,RE:WIND(이세계아이돌) - 원신 신청곡 연주(Genshin Lyre: Request),2023-10-08T07:47:10Z
비챤 VIichan,,rCgTopGrfvI,T랑 놀아!!!!!!!!!!!!!!!!!!!!!!,2023-10-08T06:24:43Z
징버거 JINGBURGER,,Dj2zWCPDfoY,뭔가 이상한 미소녀아이돌 #Shorts #이세계아이돌 #징버거,2023-10-08T06:00:03Z
고세구 다시보기,,qK_TR7HWVbY,"20231001 이세돌 + 우왁굳 파티애니멀 &quot;Party Animals&quot; 합방!,밴드합주 노래뱅 등 - 고세구 다시보기",2023-10-08T05:56:23Z
공일,,MXXPP8x8-BM,이세계 아이돌 아이네💜 #이세돌 #아이네 #kidding #shorts,2023-10-08T05:49:47Z
비챤 VIichan,,L_NdFBlzDX0,웃기만 해도 밈이 되는 사람 #shorts,2023-10-08T05:46:54Z
낛님,,PezcwIe9rns,이세계아이돌 팬아트!,2023-10-08T05:31:44Z
라라 랄라 twins,,YDCEj6YUQ34,이세계아이돌-kidding,2023-10-08T05:14:12Z
케지민 kejimin,,bWXLbYg_lkc,너는 도대체 누구야? #이세계아이돌 #kidding #kejimin #케지민,2023-10-08T05:00:22Z
youning유닝,,Pco5_5Rakp8,키딩.‘ #유닝 #shorts #이세계아이돌 #이세돌 #키딩  🤍🩷 #로블계,2023-10-08T04:13:04Z
꾸엑이♡♡,,22A2gGaCSTI,#먹방 #이세계아이돌,2023-10-08T04:06:36Z
우왁굳의 돚거,,sUQo5Xpa5Eo,마법소녀가 되지않을래?,2023-10-08T03:35:47Z
해나뿌요,,IVW1Pk1rCgg,이세계아이돌 키링,2023-10-08T03:13:25Z
미니뽀잉,,0WU7YrxYEuU,#이세계아이돌#이세돌#1분만에징버거를그리기(?),2023-10-08T03:08:15Z
그리니 TV,,tKr6RBDWSJw,#kidding #이세돌 #이세계아이돌 #징버거 #주르르,2023-10-08T02:48:28Z
마카,,dM7vcd_Dioc,10.08 버거님 생일축하 그림 #그림 #이세계아이돌 #이세돌 #speedpainting #kidding #징버거,2023-10-08T02:34:36Z
꿈쟁이 짐수,,K6qpRA5Wrck,이세계아이돌-Kidding,2023-10-08T02:31:27Z
베루💛,,ejMEC5yRL44,키딩 가사 쓰기💚 #캡컷 #이세돌 #이세계아이돌 #떡상떡상떡상떡상 #가사쓰기,2023-10-07T23:57:30Z
왁타버스 WAKTAVERSE,,GxXu8fQ26JA,우왁굳 + 이세돌 실제로 만났습니다. - 2화 - (완),2023-10-07T18:02:02Z
J-fret 제이프렛 KPOP,,tC5B1XKXDOo,이세계아이돌 OVER (오버) - 부캐등장? 버튜버 홍철이 리뷰,2023-10-06T15:28:46Z
봉인 풀린 주르르,,qQXt3oZw48U,홍대 한복판에 등장한 이세계아이돌,2023-10-06T02:00:19Z
흑빈,,zg0rpxDM7M0,오프라인에서 물어본 사람들이 좋아하는 버튜버 part2 #이세돌 #이세계아이돌,2023-10-04T04:09:19Z
이세돌 저장소,,gVJQ74WfcQY,【𝐏𝐥𝐚𝐲𝐥𝐢𝐬𝐭】유입 🌱이파리들🌱을 위한 💜💛🖤이세계아이돌❤️🩵💚 노래 모음집!,2023-10-03T12:00:37Z
왁타버스 WAKTAVERSE,,vSgHOAvVrQY,OYT 1주년 기념 cover - 버스안에서,2023-10-03T03:54:17Z
왁타버스 WAKTAVERSE,,-PJ6k8dRtVA,우왁굳 + 이세돌 실제로 만났습니다. - 1화 -,2023-10-02T05:45:30Z
JK. st [자막러 제케],,z1juNidI3Zc,🎇이세계 아이돌의 서막ㅣ이세계 아이돌 (ISEGYE IDOL) - 리와인드 (RE:WIND) 가사 (Color Coded Lyrics KOR/ENG),2023-10-02T04:28:28Z
고세구 GOSEGU,,S1C7ri096vA,우왁굳 이세돌 실물 봤습니다,2023-10-01T09:00:01Z
우왁굳의 돚거,,7CYtTDXvvnY,비챤님이라구요?,2023-09-30T09:55:53Z
ShE's [쉬즈],,vkBEm-QIdNw,[듀엣버전🎼] 이세계아이돌 (ISEGYE IDOL) - KIDDING (키딩)｜Cover by ShE&#39;s,2023-09-30T09:15:02Z
포비위키,,tYYGLkq3Mnc,전세계가 인정한 한국 버튜버 &#39;이세계 아이돌&#39;에 대한 13가지 TMI,2023-09-30T05:00:32Z
릴파 lilpa,,DU6IDghCmnM,이세계 페스티벌 현장 인터뷰 공개,2023-09-29T14:43:16Z
DLonTV!,,KMnJUHt-1rQ,이세계아이돌 (ISEGYE IDOL) Superhero+Over (슈퍼히어로) + (오버) 이세계 페스티벌 Ver. [FIRST TIME REACTION!],2023-09-29T10:21:45Z
J-Walks,,H6O_3r1aY78,신곡 OVER 첫 공개! 이세계아이돌 라이브 현장 직캠,2023-09-28T12:35:45Z
Sera Ryu-류 세라,,t95bBG-Ifvc,[Reaction] 이세계아이돌 (ISEGYE IDOL) - OVER (오버) 이세계 페스티벌 Ver.,2023-09-28T02:19:14Z
TJ KARAOKE TJ 노래방 공식 유튜브채널,,9AaiIqMnFGk,[TJ노래방] OVER - 이세계아이돌 / TJ Karaoke,2023-09-27T07:46:29Z
덕양소,,0mtOoBJRyhA,‘오타쿠 테스트’ 여기서 절반 이상 알면 오타쿠..!,2023-09-26T08:57:23Z
Shamiru シャミル,,ByZaq43Z7_g,이세계아이돌- OVER 관객반응 (이세계페스티벌),2023-09-26T08:10:00Z
J-Walks,,6Zyh3CR37mo,이세계아이돌 &#39;락다운(LOCKDOWN)&#39; 피날레 떼창 [이세계 페스티벌],2023-09-26T07:12:24Z
고세구의 좀 더,,KAUoLVPAtnE,그 누구보다 힙한 이파리,2023-09-25T22:00:11Z
Zehnpie,,tA2vBsn5bGs,이세계아이돌 (ISEGYE IDOL) - Superhero (슈퍼히어로) 이세계 페스티벌 Ver. First Time Reaction 서양팬 반응,2023-09-25T20:00:08Z
고세구 GOSEGU,,cqjHc15gcGM,현실판,2023-09-25T13:22:49Z
세계댓글,,0N4ZG_dBqjg,[2023] 이세계 페스티벌 엔딩 – 이세계 아이돌 (ISEGYE IDOL) 키딩 (KIDDING) 230923,2023-09-25T10:05:21Z
봉인 풀린 주르르,,jbzgJ1cxZ1M,이세계아이돌 네번째 명예의 전당을 축하합니다~,2023-09-25T06:00:26Z
ㅂㅁ,,pR-XnWDAuFY,이세계페스티벌 이세계아이돌 리와인드 무대 영상,2023-09-25T05:53:36Z
덕배PD,,024d0pF3pOE,[4K 60fps] 이세계 아이돌 - Over | 이세계 페스티벌 (스탠딩 R석 직캠),2023-09-25T04:19:37Z
공률 RYUL,,C8u7lNhBk-0,🌐꿈만 같았던 이세페 1분 요약✨ #이세계페스티벌 #이세계아이돌,2023-09-25T03:28:03Z
우왁굳의 돚거,,DabJDPx2MaA,형 우리가 이래도 음지야?,2023-09-25T03:01:52Z
아벵이 AVS,,r0E8Foq8vHQ,[4K] 20230923 이세계 페스티벌 버추얼 파트 S석 직캠,2023-09-25T02:44:56Z
우왁굳의 돚거,,cHJI7XeUF_c,이세페 드론쇼 하이라이트,2023-09-24T18:00:14Z
정건아의 인생이야기,,aONMg37aIvo,"이세계 페스티벌을 4K로 즐겨보세요 (with. 이세계 아이돌, 독고혜지, 하쿠0089, 비밀소녀, 숲튽훈)",2023-09-24T17:37:40Z
우왁굳의 돚거,,yhfANIs8rPY,수상할 정도로 송도를 좋아하는,2023-09-24T17:26:23Z
뇨핑,,02GX0EsT9YU,[이세페 현장] 피날레 리와인드 관객 환호 #이세계페스티벌 #이세계아이돌 #이세돌 #리와인드 #rewind,2023-09-24T06:41:15Z
혁파,,jEr7xvALUCI,리와인드 떼창 &#39;처음이자 마지막 사랑일 테니까&#39;                                        #이세돌 #이세계아이돌 #이세계페스티벌,2023-09-24T06:28:31Z
Dani Remedy,,1Rt9p4GcA90,[FULL ALBUM] 이세계아이돌 (ISEGYE IDOL) - 이세계 페스티벌,2023-09-24T04:35:55Z
ISEGYE IDOL - Topic,,ZScUocsyOqk,OVER (inst.),2023-09-24T03:02:27Z
ISEGYE IDOL - Topic,,ptATxzQCI5s,OVER,2023-09-24T03:02:31Z
ISEGYE IDOL - Topic,,4-IEkrFB1kI,Superhero,2023-09-24T03:01:42Z
누세 1,,U0lAFofkkkM,이세계아이돌 (ISEGYE IDOL) - superhero (슈퍼히어로) [ISEGYE Festival 이세계 페스티벌],2023-09-24T01:29:52Z
누세 1,,wOIJQXMrEUY,이세계아이돌 (ISEGYE IDOL) - 겨울 봄 [ISEGYE Festival 이세계 페스티벌],2023-09-24T01:16:06Z
ㄹㄹ,,Sqpw4Zj1-zE,[이세계 페스티벌] 이세계아이돌 - REWIND,2023-09-23T23:47:43Z
ㄹㄹ,,zjAQZCrAbas,[이세계 페스티벌] 이세계아이돌 - OVER,2023-09-23T23:43:54Z
PS게임전문채널 게임왕빌리,,Dln8OdCmIqg,이세계 페스티벌 - 드론쇼 현장 반응(고정멤버 &amp; 이세계 아이돌),2023-09-23T16:28:09Z
ᄃᄂᄎᄎ,,cH6Ua6jFXbI,230923 이세계아이돌 - Superhero (이세계 페스티벌),2023-09-23T16:10:42Z
좋아하는걸올립니당,,vv0izZ8kSa8,버츄얼 아이돌 콘서트 근황 #이세계아이돌 #플레이브 #리와인드 #여섯번째여름 #shorts,2023-09-23T15:56:44Z
ㄹㄹ,,TheWKoAZlJg,[이세계 페스티벌] 이세계아이돌 - Superhero,2023-09-23T15:53:32Z
ㄹㄹ,,qe3tF5pEoBw,[이세계 페스티벌] 이세계아이돌 - 겨울봄,2023-09-23T15:50:22Z
패론PalonE,,6uRThMhaM2Y,이세계페스티벌 r석 이세돌 파트 현장감,2023-09-23T15:12:02Z
즐거운 아재,,ltIbgq_jH1Q,어쩌다 이세계아이돌 직관,2023-09-23T14:46:05Z
고세구 GOSEGU,,B0gC7dfBesY,시청자분들과 함께한 ㅋㅋㅋㅋㅋ,2023-09-23T13:15:55Z
마리,,LSeBQAu8BXw,이세계 페스티벌 이세계 아이돌 - RE:WIND 무대 반응,2023-09-23T13:16:14Z
말하눈펭귄,,OP4KEIueuOc,이세계아이돌 (ISEGYE IDOL) - SUPERHERO (슈퍼히어로) [ISEGYE Festival 이세계 페스티벌],2023-09-23T12:35:01Z
낭만세숟갈,,DMth9nxKcuI,"낭만리뷰EP.08ㅣ입덕 부정기 제대로 온 이세계아이돌 커버곡 리뷰!(100일 기념 투니버스 메들리, Lovedive)",2023-09-23T06:00:32Z
J-fret 제이프렛 KPOP,,O5eOFET2DTw,&#39;마지막 재회&#39; 릴파(이세계아이돌)&amp;뢴트게늄 리뷰 - 진짜 이건 말이 안나옴,2023-09-22T08:56:49Z
Aloha채릉,,pFVUGfSr2nM,[Mirror Mode] 이세계아이돌 “KIDDING” 느리게 배우기 #shorts #KIDDING #키딩 #키딩챌린지 #이세계아이돌 #이세돌,2023-09-20T13:17:03Z
징버거가 ZZANG센 주제에 너무 신중하다,,WjcNxolcZpU,징버거 진화! #shorts #이세계아이돌 #징버거,2023-09-20T05:30:15Z
징버거 JINGBURGER,,RoeGMgaLXbU,정말 너 하나뿐이야💗😘 애상 COVER #이세계아이돌 #왁타버스 #징버거 #뢴트게늄 #권민,2023-09-20T03:00:21Z
필미커플 - 17살 연상연하 부부,,9Uw4Ohg8D5w,50대 미나 kidding #이세계아이돌 #디멜리오 dimeglio,2023-09-18T11:24:00Z
3분영어,,r_akmzAYpOc,난 틀딱인가봐... #shorts #이세계아이돌 #kidding,2023-09-18T04:02:01Z
징버거 JINGBURGER,,MKyljuZKNfs,당신이 지금 한가한 이유 #Shorts #이세계아이돌 #징버거,2023-09-17T12:00:15Z
포비위키,,XqYt4htlCjo,헬스 유튜버가 만든 걸그룹 TMI,2023-09-17T07:08:26Z
TJ KARAOKE TJ 노래방 공식 유튜브채널,,xAPcYgVbNG4,[TJ노래방] 이세돌싸이퍼 - 이세계아이돌 / TJ Karaoke,2023-09-10T23:55:09Z
고세구 GOSEGU,,6GQV6lhwgNs,[SPECIAL MV] 팬서비스 1000만 기념 콘서트,2023-09-10T16:18:34Z
낭만세숟갈,,5DWd87h4SbM,낭만리뷰EP.07 l 힙찔이들이 리뷰하는 이세돌싸이퍼!!(이세계아이돌)ㅣ일반인반응,2023-09-10T14:35:13Z
덕유오션,,Qm2oNf2008E,[𝐏𝐥𝐚𝐲𝐥𝐢𝐬𝐭] 내가 들으려고 만든 신나는 이세돌 음악 모음,2023-09-05T15:01:04Z
고세구 GOSEGU,,Rclny6yachY,[MV] NewJeans (뉴진스) - &#39;Super Shy&#39;｜cover by 고세구,2023-09-05T11:30:12Z
건빵뮤직 GUNBBANG MUSIC,,izGvvArSAVQ,빌보드까지 진입했다는 버츄얼 걸그룹 띵곡 #이세계아이돌,2023-09-05T07:12:21Z
Sera Ryu-류 세라,,Rz90VGU7--E,[Reaction] 이노래가 3위라고해서 들어봤습니다 | 이세계아이돌 (ISEGYE IDOL) - KIDDING (키딩) Official MV,2023-09-05T01:19:04Z
AMPLIFIED Podcast,,nrVfU2dSBPI,[시작] 230830 Anggun과 이세계아이돌의 도전,2023-09-01T14:10:27Z
VROZ TV,,WgEWUeTJufc,"[VROZ TV] 이세계아이돌, K-POP 빌보드 차트 3위 - 8월 30일 수요일 VTuber News",2023-08-30T12:00:25Z
낭만세숟갈,,zXnN1lbZZus,낭만리뷰EP.05 l 힙합리뷰하는 척 하다 이세계아이돌 리뷰하기!(Kidding)ㅣ일반인 반응 ㅣ입덕부정기?,2023-08-26T02:30:56Z
게임하는 아내 My wife like a Game,,AGW_uz23k58,아내를 이세계아이돌 고세구 양 에게 뺏기고 말았다...는 제목의 버튜버 월드컵 256강 풀영상 Vtuber,2023-08-25T17:11:25Z
제이현,,8givKRh_ywk,이세계 아이돌 KIDDING 표절(?),2023-08-25T15:45:41Z
TJ KARAOKE TJ 노래방 공식 유튜브채널,,wfL9stKXK0I,[TJ노래방] KIDDING - 이세계아이돌 / TJ Karaoke,2023-08-23T07:36:10Z
비챤의 나랑놀아,,-qMQFbPUgVM,어딘가 이상한 키링,2023-08-21T13:21:47Z
왁타버스 WAKTAVERSE,,THxhxKwXEQo,이세계아이돌 NEWS,2023-08-20T11:31:15Z
릴파 lilpa,,l9NTsfCERJI,"💕듣자마자 홀리는, 중독성 강한 노래💕 [KIDDING] #kidding #이세계아이돌",2023-08-19T14:12:25Z
Pinky Peachy,,HxLtCmV4uws,ISEGYE IDOL (이세계아이돌 ) KIDDING Lyrics (이세계아이돌 키딩 가사)  Color Coded Lyrics [Han|Rom|Eng],2023-08-19T03:07:07Z
365 MUSIC_1HOUR ,,sHfYCrogTk0,1시간 / 이세계아이돌 - KIDDING [KIDDING] / 가사 Audio Lyrics,2023-08-18T09:51:32Z
ISEGYE IDOL - Topic,,93mZo1XTH5I,KIDDING,2023-08-18T09:02:37Z
주르르 JURURU,,7sFIjj5BW3M,[MV] GIRL&#39;S DAY(걸스데이) - Darling(달링)｜Cover by 주르르,2023-08-13T10:00:12Z
고세구 GOSEGU,,xdvDs1Jgp6k,[MV] 자다깨니 야자수 (寝起きヤシの木)｜Cover by 고세구,2023-08-11T12:30:08Z
왁타버스 WAKTAVERSE,,msPAGYZvKTE,"이세계아이돌 LOCKDOWN 댄스 퍼포먼스 🎵💗 (릴파, 고세구, 비챤)",2023-07-23T17:45:09Z
Crying Noise,,8HEj0pwYYdw,이세계아이돌 (ISEGYE IDOL) - Another World 오케스트라 버젼,2023-07-22T18:56:53Z
고세구 GOSEGU,,SKoQRXW6TI0,이세돌 언니즈들의 나이트댄서 #nightdancer,2023-07-22T09:31:13Z
nacoco music,,hNCEUzfrg5A,LOCKDOWN 락다운 - 이세계아이돌 기타연주,2023-07-22T08:14:37Z
피젯스피니 FidgetSpinny,,HDEBjqw7zIo,[이세계아이돌 5집 탈락곡] - What&#39;s your color?,2023-07-21T17:25:52Z
Pinky Peachy,,Y5tldXERwyI,ISEGYE IDOL (이세계아이돌) Another World (이세계아이돌 어나더 월드 가사) Color Coded Lyrics [Han|Rom|Eng],2023-07-21T10:10:04Z
ISEGYE IDOL - Topic,,JtETM1FFA6I,Another World,2023-07-21T09:03:36Z
마츠토키 MatsuToki,,9ZdJfc-eZLM,이세계아이돌 5집 공모전 탈락곡 - One of only,2023-07-20T06:46:56Z
털어드림,,QE3rt6DrYHM,"무슨 버튜버가 노래를 이렇게 잘해..? &quot;아이네&quot; , 9가지❗털어드림❗",2023-07-19T10:35:15Z
왁타버스 WAKTAVERSE,,8Lfz7lSBb_Y,이세계아이돌 Another World TEASER,2023-07-18T15:00:15Z
왁타버스 WAKTAVERSE,,93tpVm786QU,(실화) 이세계아이돌 웹툰 새로운거 또 나올 예정 입니다.,2023-07-18T13:47:19Z
고세구의 좀 더,,7fMNaeBEg00,[MV] 아이돌(アイドル) COVER / 최애의아이 OP,2023-07-16T03:00:06Z
고세구의 좀 더,,h1R2UYHcfHE,이세돌 2기 소식에 울어버리는 세구,2023-07-15T02:00:23Z
이브리띵,,nnPDwnkSbHA,이세계아이돌 업적 모음 50가지,2023-07-08T12:25:03Z
비챤의껌딱지,,IdT7usRF-DQ,마법소녀 이세계아이돌 출시!!,2023-07-03T02:13:54Z
왁타버스 WAKTAVERSE,,IK-z7xhiKB0,저세계아이돌 - PINK VENOM COVER,2023-07-01T15:53:06Z
징버거 JINGBURGER,,zT3f_CxYIak,세구세구야 그게 무슨 소리니...,2023-07-01T10:00:52Z
FOXsound Official,,jP4PBE8U_tQ,이세계아이돌 (ISEGYE IDOL) - LOCKDOWN,2023-06-30T09:00:35Z
MUNi,,oTfswX3xh1Q,이세계아이돌 (ISEGYE IDOL) - LOCKDOWN (락다운) (MUNi Remix),2023-06-30T07:00:31Z
파쿠쌤 Paku🎵,,WSlNh66Lebs,이세계아이돌 RE:WIND 리와인드 칼림바악보 반주MR,2023-06-29T11:09:37Z
カネズ • KANEZ • 카네즈,,9JEGuWnS__0,【KANEZ】 이세계아이돌 - LOCKDOWN 하이라이트 안무 초안,2023-06-29T09:52:04Z
カネズ • KANEZ • 카네즈,,AnUSRo_-1Ec,【KANEZ】 이세계아이돌 - LOCKDOWN 오리지널 댄스 커버,2023-06-29T09:51:59Z
징버거가 ZZANG센 주제에 너무 신중하다,,EJkWeMpR8Jo,어머님도 좋아하시는 이세계아이돌 카카오 이모티콘,2023-06-29T08:12:45Z
AGAMON,,VYztcNxFFn4,이세계 아이돌 프로듀싱한 래퍼의 랩실력 ㄷㄷ,2023-06-29T07:34:18Z
왁타버스 WAKTAVERSE,,iR2qizm38T8,LOCKDOWN 표정 연기를 이세돌 멤버들이 직접 하는 장면,2023-06-28T17:16:04Z
에스프레소,,BhHO1TW8VCQ,이세계아이돌 - LOCKDOWN Orchestral ver. (1시간 반복재생),2023-06-28T17:00:37Z
신민철(SHINMIN),,3XCCzETQmHo,이세계아이돌- Rewind outro guitar solo,2023-06-28T15:17:05Z
라라진 Lara Jin,,ZkVUfFZD9WM,일본에서 이세계 아이돌 - 리와인드 REWIND 를 춰보았다❕🤍,2023-06-28T15:04:42Z
Light Turbulence,,kbQbzSM5960,B787 어프로치 by 이세계아이돌,2023-06-28T13:37:23Z
幸せな白(시로),,EA9IAWY2rTg,#이세계아이돌#비챤 웹툰보고 너무이뻐서 빡시게 그렸어요!,2023-06-28T13:30:43Z
ドオランジ ·도오랑지,,7gKFwstFspo,이세계아이돌 (ISEGYE IDOL) - LOCKDOWN (락다운) -【Male Cover】 [ドオランジ ·도오랑지](feat.쿠나이),2023-06-28T12:46:07Z
살벌한토끼,,uiiJFulIMC8,이세계아이돌 - LOCKDOWN  LIVE Cover #shorts,2023-06-28T08:36:12Z
미친감성 (감성사운드),,behmK89ET7w,작곡가가 리뷰하는 이세계아이돌 - LOCKDOWN 리뷰｜우왁굳 제작 아이돌 [미친감성] 미디 작곡 보컬 Kpop 케이팝,2023-06-28T05:11:50Z
피아노온 piano on,,L03VCVBl9fw,이세계아이돌 누구나 치는 피아노🎹,2023-06-28T04:00:16Z
피아노온 piano on,,Dpgbp6We6Cs,"이세계아이돌 - LOCKDOWNㅣ쉬운 계이름 피아노 악보, 다장조악보",2023-06-28T03:33:57Z
깐찡,,ESgW9WJ6aEs,이세계아이돌 - LOCKDOWN (마법소녀 이세계아이돌 웹툰 OST) I Cover by 깐찡,2023-06-28T01:48:56Z
TJ KARAOKE TJ 노래방 공식 유튜브채널,,eT9WN-6G_ik,[TJ노래방 / 남자키] LOCKDOWN - 이세계아이돌 / TJ Karaoke,2023-06-28T01:05:46Z
JayC,,nK_zLLc0mvE,이세계 아이돌 -LOCKDOWN (freestyle),2023-06-27T16:37:36Z
Funkiest훵키스트,,wZ-tRa8g-Ks,이세계아이돌(ISEGYE IDOL) - Lockdown (Moldface Remix) [Bass House / G-House],2023-06-27T14:54:53Z
이시우,,hPNHSLQszlU,LOCKDOWN(락다운) - ISEGYE IDOL(이세계아이돌) COVER #shorts,2023-06-27T13:55:55Z
앤츠 ANTS OFFICIAL,,XmvTk0mNMW0,#shorts 이세계 아이돌(ISEGYE IDOL) - LOCKDOWN (Cover)ㅣ남자 버젼ㅣ댓글 참고,2023-06-27T13:06:25Z
랑께님,,Wkb0YYLqhR0,이세계아이돌 - Lockdown 펜비트 커버#shorts,2023-06-27T12:52:16Z
min,,2leQDVIZscE,LOCKDOWN (락다운) - 이세계아이돌  COVER 歌ってみた,2023-06-27T10:36:48Z
진이의 흑역사 저장소,,sxJjQ-WDTnI,이세계 아이돌 - LOCKDOWN | recorder cover,2023-06-27T08:38:55Z
TJ KARAOKE TJ 노래방 공식 유튜브채널,,2WbMK1U_M7s,[TJ노래방] LOCKDOWN - 이세계아이돌 / TJ Karaoke,2023-06-27T07:53:25Z
유키토라 신야,,T9T7u1oymfo,이세계 아이돌 - Lockdown | Cover by. 유키토라 신야 #shorts,2023-06-27T07:12:24Z
water_wave,,uhibSfoIgGQ,이세계아이돌(ISEGYE IDOL) - LOCKDOWN [LOCKDOWN]ㅣLyrics/가사,2023-06-26T19:19:02Z
마츠토키 MatsuToki,,B4opJpnw40w,이세계아이돌 (ISEGYE IDOL) - RE:WIND (Matsutoki Remix)[2022 MIDI performance Original Track],2023-06-26T19:10:11Z
왁타버스 WAKTAVERSE,,WBXiO_Or4Do,LOCKDOWN 이세계아이돌 같이보기 반응,2023-06-26T17:24:03Z
LUAN official,,chjIQ3vZmIE,이세계아이돌 - Lock Down 그파트...Male cover,2023-06-26T15:00:34Z
멘탈천국의 영화 및 음악공간Mental Heaven,,wTmauybemT8,이세계 아이돌 - LOCK DOWN 악보 / Orchestra Ver. [Sheet Music],2023-06-26T14:29:05Z
그냥 𝑷𝒍𝒂𝒚𝒍𝒊𝒔𝒕,,jK39t5q2Crw,이세계 아이돌 LOCK DOWN 파트별 가사/Lyrics [마법소녀 이세계 아이돌 ost],2023-06-26T14:00:16Z
힐링기타 Healing Guitar,,jjToEh_5HHY,이세계 아이돌 LOCKDOWN 기타 Cover  #shorts,2023-06-26T11:45:32Z
ERY STUDIO,,-7bdR6nSEkk,[ 4K ] 이세계아이돌(ISEGYE IDOL) - LOCKDOWN [인이어 간접체험 (In-ear indirect experience)],2023-06-26T09:00:00Z
동울 / Dongwool,,O24TBVaGd4Q,이세계 아이돌 (ISEGYE IDOL) - 「LOCKDOWN」 / Guitar Cover,2023-06-26T09:00:15Z
우월,,oSN94j7NMIo,LOCKDOWN-이세계아이돌,2023-06-26T08:04:56Z
잼민이,,8OMPE9pNMSU,이세계 아이돌-LOCKDOWN 가사 쓰기,2023-06-26T06:58:16Z
셰인트_Shaint,,0CJUw8coQrI,[피아노/Piano] LOCKDOWN - 마법소녀 이세계 아이돌 OST | 이세계 아이돌 (ISEGYE IDOL),2023-06-26T03:02:05Z
미스터 펜타토닉,,9qZgx53rpJA,이세계아이돌 - LockDown (락다운) 베이스커버 Bass cover #이세돌 #이세계아이돌 #lockdown #베이스 #커버곡,2023-06-26T01:48:09Z
고유고유 GOYU,,nQibrJGwZD4,이세계아이돌 LOCKDOWN🔒 Performance COVER #shorts,2023-06-25T22:13:36Z
이상,,NURn8TXAUUc,이세계 아이돌 - LOCKDOWN (Short ver.),2023-06-25T12:39:16Z
멜루,,pHrs-nic8eo,마법소녀 이세계 아이돌 반전그림 #lockdown #gosagu #ine #jingburger #jururu #lilpa #고세구 #릴파 #아이네 #주르르 #비챤 #징버거,2023-06-25T11:32:49Z
멜루,,VuebifEKsvY,마법소녀 이세계 아이돌 고세구 반전그림 #lockdown #GOSAGU #고세구,2023-06-25T11:18:16Z
멜루,,McdYJm7z4cg,마법소녀 이세계 아이돌 징버거 반전그림 #lockdown #JINGBURGER #징버거,2023-06-25T11:15:51Z
멜루,,opzKz74sj3M,마법소녀 이세계 아이돌 아이네 반전그림 #lockdown #INE #아이네,2023-06-25T11:14:37Z
야보의 웹툰 리액션,,N-ygpBzR6S0,마법소녀 이세계 아이돌...? | 야보의 웹툰 리액션,2023-06-25T09:43:43Z
ERY STUDIO,,TphskXOe3JQ,[ 4K / 8DAudio ] 방구석 콘서트 간접 체험 - [ 이세계아이돌(ISEGYE IDOL) - LOCKDOWN ],2023-06-25T09:15:02Z
도메이로 | Rainbow Six Siege,,9tuw-PJE5fo,"[이세계아이돌/ISEGYE IDOL] LOCKDOWN(락다운) | 레인보우식스 시즈, 레식",2023-06-25T09:00:08Z
피아노요정 숑아,,E5ivyDBngDg,멜론차트 29위 찍은 &quot;그 노래&quot; | 이세계아이돌(ISEGYE IDOL) - LOCKDOWN,2023-06-25T08:30:23Z
베이시스트안성진.,,X92fyD93Bkc,왁타버스 이세계아이돌 (ISEGYE IDOL) - LOCKDOWN (락다운) 쫀득쫀득 슬랩베이스 즉흥연주 #shorts,2023-06-25T07:36:51Z
슈쥬,,QRsE-Y8U2Vk,이세계아이돌 릴파 님 그리기 #shorts #가족그림 #그림쟁이 #이세계아이돌 #이세돌 #릴파,2023-06-25T06:20:30Z
Kihana[キハナ],,P6eLGNsBT0Y,이세계아이돌 (ISEGYE IDOL) - LOCKDOWN (락다운)『마법소녀 이세계아이돌 웹툰 OST』 ┃cover. Kihanaキハナ,2023-06-25T05:40:54Z
연필의 덕질채널,,rJCgJ_u8TRg,이세계아이돌 (ISEGYE IDOL) - LOCKDOWN [마법소녀 이세계아이돌 웹툰 OST] / Lyrics 가사,2023-06-25T05:16:17Z
우왁굳의 돚거,,jzOfM_3I2l0,멜론 29위 아이돌 사장 우왁굳,2023-06-25T04:35:08Z
보틀씨,,cXm54UZA8vs,공짜드럼으로 이세계아이돌 노래 찍어보기,2023-06-25T04:06:08Z
프랜두,,_31IIxXEJ_I,[이세계 아이돌 - Lockdown] 가사,2023-06-25T04:04:06Z
"로하 게임로그,생활로그,그림로그",,lrrTbFzLtxE,💗이세계 아이돌 리와인드✨️:출처 아카네ne.💦👑원본 자료👈편집:Capcut🍀,2023-06-25T01:56:05Z
에스프레소,,GTcbFj1rE6w,이세계아이돌 - LOCKDOWN Orchestral ver. (Full),2023-06-25T01:50:43Z
심심한 하리보,,nrL5GxvmaMY,이세계 아이돌(ISEGYE IDOL)-락다운 가사,2023-06-25T00:56:42Z
왁타버스 WAKTAVERSE,,ccUtNf16CG4,마법소녀 이세계아이돌 OST MV #Shorts,2023-06-24T16:15:02Z
왁타버스 WAKTAVERSE,,WNXE5fC-2k8,마법소녀는 역시 변신 씬이지 - 이세계아이돌 LOCKDOWN #Shorts,2023-06-24T16:01:22Z
자막,,l5AFRmWzGK8,이세계아이돌 LOCKDOWN 키네틱 타이포그래피,2023-06-24T10:02:23Z
RS Guitar,,3iDSQLzOuMU,이세계아이돌(ISEGYE IDOL) - LOCKDOWN(락다운) Rock 기타 Full ver.,2023-06-24T07:18:34Z
DrumR399,,kkujhFqFb6M,이세계아이돌(ISEGYE IDOL) - LOCKDOWN(락다운)을 드럼으로 한번 가지고 놀아봤습니다!!!(LOCKDOWN DRUM COVER),2023-06-24T07:01:02Z
연주하는곰탱이,,88W4dZHVftc,이세계아이돌(ISEGYE IDOL) - LOCKDOWN (락다운) Violin cover,2023-06-24T04:16:38Z
레초,,0Thjc0xybVQ,이세계아이돌-Lock Down Drum Cover (풀버전 고정댓글 ㄱㄱ),2023-06-24T03:05:45Z
CG맨,,V_ZN2hH18PM,"이세계 아이돌 컴백 &#39;LOCK DOWN&#39; 뮤비 리뷰 방송(with. 세이민, 티파리 타카르센, 푸치, 플레어건)",2023-06-23T17:57:28Z
RS Guitar,,SC1ekksU_Bk,이세계아이돌 - LOCKDOWN(락다운) 기타 커버🔥🔥🔥 #shrots,2023-06-23T16:44:39Z
블레,,IJnvSF1DSMM,[이세계 아이돌 - LOCKDOWN] 원신 MV,2023-06-23T16:20:57Z
오르트구룸,,D6ozxDzRcAg,발로란트 매드무비 이세계아이돌-LOCKDOWN,2023-06-23T15:46:40Z
기타치는수박,,UYvkHEmgDGA,이세계 아이돌 - 『LOCKDOWN』(락다운) guitar cover,2023-06-23T13:37:51Z
고세구 GOSEGU,,lUel8gsDlL0,이세계아이돌 LOCKDOWN 댄스버전...? #shorts,2023-06-23T12:49:15Z
급하디,,UqKvHyhnKjA,이세계아이돌 (ISEGYE IDOL) - 락다운(LOCKDOWN) (Color Coded Lyrics Han/가사),2023-06-23T12:44:35Z
Ayaan,,_qhjiQzT_7w,[입체음향/8D] 이세계아이돌 (ISEGYE IDOL) - LOCKDOWN,2023-06-23T11:53:36Z
무무,,xmaQFdwpxwY,이세계아이돌 - LOCKDOWN | 무무 COVER,2023-06-23T11:31:31Z
연주하는곰탱이,,_sUEGjtpQi8,이세계아이돌(ISEGYE IDOL)-LOCKDOWN Violin cover,2023-06-23T11:26:11Z
SweetBerry_miku,,NzlalZo4Atc,이세계 아이돌 LOCKDOWN 베이스 솔로,2023-06-23T10:48:59Z
하고싶은거다해,,FA2OqSw6h2M,이세계아이돌 (ISEGYE IDOL) 딱!멈춰봐 누굴까? #shorts,2023-06-23T10:18:41Z
🍁夜明け(새벽)🧡,,cu15EXPYl5Q,#drawing #art (#이세계아이돌 #팬아트 #릴파,2023-06-23T10:00:35Z
봉인 풀린 주르르,,srO7eLyivI0,&#39;차원을 넘어 이세계아이돌&#39; 프롤로그 같이보기 (주르르 더빙),2023-06-23T10:00:51Z
패그의 취미생활,,YKiSfXci69Q,마법소녀 이세계아이돌 손 그림 #shorts,2023-06-23T09:45:03Z
수단갓 Music,,5VmqdeNXjSU,이세계아이돌 (ISEGYE IDOL) - LOCKDOWN (락다운) 우쿨렐레 커버,2023-06-23T09:21:09Z
주르르 다시보기,,SMQCcH3qgVg,"[2023.06.21 / 마법소녀 이세계아이돌 웹툰 공개, 웹툰작가님들과 인터뷰] - 주르르 다시보기",2023-06-23T09:19:39Z
하루한곡,,S3H3Ms7zRXU,"이세계아이돌 (ISEGYE IDOL) - LOCKDOWN (락다운) , (마법소녀 이세계아이돌 웹툰 OST) 기타, 코드, 타브악보",2023-06-23T07:30:08Z
징버거가 ZZANG센 주제에 너무 신중하다,,QO0q-4rm1po,[카카오웹툰] 📒차원을 넘어 이세계아이돌 - 프롤로그 (징버거더빙)📗,2023-06-23T06:16:51Z
우왁굳의 돚거,,AxJHPA4e4SI,LOCKDOWN 유출즈,2023-06-23T05:24:06Z
낑깡뽕낑,,rrgRonN8W3A,이세계 아이돌을 무시하면 안되는 이유 ;;,2023-06-23T03:32:28Z
고세구의 좀 더,,myGoiX6ez9o,카카오페이지 실시간 랭킹 1위에 이세계아이돌이 ?!,2023-06-23T01:00:30Z
우왁굳의 돚거,,gxghGivejCw,절대 수영장에 들어가지 말아...,2023-06-22T20:48:45Z
버드영우Bird0woo,,4JY8P0SurMk,이세계아이돌 (ISYEGYE IDOL) - LOCK DOWN (락 다운) 기타 커버 guitar cover,2023-06-22T20:17:06Z
프리아 라이브,,BNJPbqnuouE,베베리 - 겨울봄 (이세계 아이돌),2023-06-22T19:27:38Z
Pinky Peachy,,nZuwHZP2iLQ,ISEGYEIDOL (이세계 아이돌) LOCKDOWN 락다운 가사( Webtoon OST) Color Coded Lyrics [Han|Rom|Eng]|PinkyPeachy,2023-06-22T18:31:18Z
세상,,9unoiFJ12cs,차원을 넘어 마법소녀 이세계 아이돌!,2023-06-22T18:11:52Z
왕꿈틀이 WANGGGUMTEULI,,mrjjkl8Ne_E,이세계아이돌 - LOCKDOWN｜cover by wangggumteuli,2023-06-22T17:16:35Z
왁타버스 WAKTAVERSE,,WKkFxVce37I,이세돌이 풀 더빙한 마법소녀 이세계아이돌 1화 - [더빙툰],2023-06-22T17:04:08Z
지동현_guitar,,lJizPEUEDks,이세계아이돌 - LOCKDOWN (전세계 최초 guitar cover),2023-06-22T16:26:56Z
BSU,,R_7HGXrWUoA,@waktaverse 이세계 아이돌 - rewind 리믹스,2023-06-22T16:17:36Z
빕어,,GhkZPNXxNVY,이세계아이돌 - LOCKDOWN 빕어 커버,2023-06-22T14:57:49Z
우왁굳의 돚거,,xLUtHbsQp40,락다운 유출했던 우왁굳,2023-06-22T14:03:19Z
덕청이,,cipRPaqRweo,아이네님이 빌런인가요? 이세계아이돌 신곡 LOCK DOWN 뮤비 반응,2023-06-22T13:06:02Z
왁타버스 WAKTAVERSE,,FakDmwUEjJI,이세계아이돌 : 차원을넘어 OST MV Teaser 1,2023-06-22T13:00:46Z
【포마의 애니채널】 POMAnimation,,RwEww6FgZ2I,[유튜브 자막/한국어]마법소녀 이세계아이돌 OST 『LOCKDOWN』 Song by. 이세계아이돌,2023-06-22T12:45:50Z
카린야 Calinya,,3gpU1NbWtkI,이세계아이돌 - LOCKDOWN(락다운) DANCE COVER,2023-06-22T12:02:02Z
SEE SAW,,zvu91Kt1LeI,이세계아이돌 - LOCKDOWN bass cover,2023-06-22T11:19:33Z
365 MUSIC_1HOUR ,,ZiWwI6OpYwQ,1시간 / 이세계아이돌 - LOCKDOWN [LOCKDOWN] / 가사 Audio Lyrics,2023-06-22T10:02:25Z
ExoticBankai Reaction,,BCKAM1Ql1l0,【한국어 자막】이세계아이돌 (ISEGYE IDOL) - LOCKDOWN (락다운) Official MV (마법소녀 이세계아이돌 웹툰 OST) Reaction,2023-06-22T09:15:17Z
ISEGYE IDOL - Topic,,DsQ05aFbYRU,LOCKDOWN (Inst.),2023-06-22T09:03:36Z
ISEGYE IDOL - Topic,,3KZCKKeCuAc,LOCKDOWN,2023-06-22T09:03:20Z
왁타버스 WAKTAVERSE,,QgMFpuos4Rg,이세계아이돌 (ISEGYE IDOL) - LOCKDOWN (락다운) Official MV (마법소녀 이세계아이돌 웹툰 OST),2023-06-22T09:00:12Z
데친 숙주나물,,HFuw8hpsQx8,마법소녀 이세계아이돌 1화!!!!!! (아이네 더빙),2023-06-22T08:27:35Z
커스텀 1분 완성 1CM,,ZjGbe2OlMLM,이세계 아이돌 징버거 커스텀 방법(2탄),2023-06-22T08:00:14Z
징버거 JINGBURGER,,Kilf4xgkOKc,마법소녀 이세계아이돌 1화 징버거랑 같이보기💛,2023-06-22T07:36:07Z
고세구의 좀 더,,fTqqPkT5IdI,마법소녀 이세계아이돌 - 캐릭터 관상 분석!,2023-06-21T08:00:16Z
고세구 GOSEGU,,ciUsvQmgv88,누워서 회의듣다가 걸린 썰  -이세돌 핫클립,2023-06-20T15:20:02Z
yeppSun,,A5i-cUx7apg,RE:WIND 리와인드 빵떡버전 - 이세계아이돌,2023-06-20T14:49:24Z
김기자,,MO2eTBwXajc,개념없는 중국 아이돌 참교육하는 정형돈,2023-06-20T05:39:23Z
슈쥬,,zOWvuBXcFxM,이세계아이돌 주르르님 그리기 #shorts #그림쟁이 #가족그림 #이세계아이돌 #르르땅 #주르르,2023-06-19T09:10:43Z
Hiki Queen 히키퀸,,X6gMUSlx7PM,냉면 댄스 (고화질),2023-06-19T07:11:57Z
우왁굳의 돚거,,fNFcpBWHuUE,닌닌 프로미스 커버 - 우왁굳 반응,2023-06-19T05:06:32Z
아칸 <고세구 팬채널>,,bBoJkblWuwU,이세계아이돌-싸이퍼 고세구 랩 파트,2023-06-18T11:58:49Z
비챤 VIichan,,iLXmqg_HHRA,[MV] 스물셋 - Cover by 비챤,2023-06-18T11:00:11Z
유성,,DZL8N7AnwDk,사이언티스트 주르르 직캠  #이세계아이돌,2023-06-17T07:49:28Z
봉인 풀린 주르르,,97OOX8l3leY,르르땅의 마법소녀 이세계아이돌 ost 스포?,2023-06-17T01:00:07Z
키요라이브 KiYO Live,,hlTBa_EyBf8,이세계아이돌 (ISEGYE IDOL) - 리와인드 (RE:WIND)｜키요 Live COVER,2023-06-16T17:17:29Z
모모,,sF4PGMyht6w,이세계아이돌 - 우마뾰이 전설 코스프레 PV,2023-06-16T12:27:03Z
비챤의 다시보기,,0C_mWz7YbnE,[2023-06-14] 마법소녀 이세계아이돌 OST 티저 &amp; 사전예약 공개 / 비챤의 다시보기,2023-06-15T10:53:14Z
슈쥬,,dTcbAY7FNlM,이세계 아이돌 비챤님 그리기 #shorts #그림쟁이 #가족그림 #이세계아이돌 #비챤,2023-06-15T10:09:37Z
왁타버스 WAKTAVERSE,,r5QNixZTNYU,LOCKDOWN Teaser - 마법소녀 이세계아이돌 OST,2023-06-14T12:00:09Z
슈쥬,,Nlk3MU0FdTc,이세계아이돌 아이네 님 그리기 #shorts #그림쟁이 #가족그림,2023-06-13T12:04:41Z
OFFLINE,,2n5YsFxnBws,일반인 8명이서 이세계 아이돌 리와인드(Re:wind) 불러보았다! #cover #rewind #이세계아이돌,2023-06-10T09:05:22Z
털어드림,,IZSvljeWWL4,"역대 여자 아이돌 1위의 화력인 그녀, 7가지❗털어드림❗",2023-06-10T00:00:12Z
새날(NewDay),,FvojJmvNDPY,이세계아이돌 - RE:WIND (노벰버&amp;새날 연합공연 &#39;청명&#39;),2023-06-09T23:21:14Z
혓바늘,,1ELcQaK1PWo,이세계 아이돌 프린세스 메이커 W - 꿈꾸는 6개의 감람석 Teaser (Korean),2023-06-09T13:59:58Z
왁타버스 WAKTAVERSE,,vyylVK-Vvi4,이세계아이돌 3집 드디어 나오나..?,2023-06-08T15:50:13Z
OFFLINE,,_x-nOXyaG84,이세계 아이돌 (ISEGYE IDOL) - 리와인드 (Re:Wind) ✿ 커버 보컬 팀 오프라인 ☊,2023-06-07T13:30:11Z
ExoticBankai Reaction,,8ezXPmm5PZ0,【한국어 자막】 이세계아이돌 ISEGYE IDOL 죽여버리겠다 I Won&#39;t Sit Back Reaction,2023-06-07T08:45:01Z
왁타버스 ZERO,,0KjhdsfZHmA,그 영상.. 반응 모음,2023-06-07T05:20:06Z
키무라은원상,,bZHEGbsdd3U,이세계 아이돌 아이네 팬아트 #13년생 #이세계아이돌 #이세돌 #아이네 #short #shorts,2023-06-05T00:03:42Z
Q-card,,-zRgPxZA4gM,이세계 아이돌(ISEGYE IDOL) - 리와인드(RE:WIND) |  커버 보컬 팀 🂽 Q-card,2023-06-03T14:00:08Z
코스프레가발ㅡ위그매냐^^,,J8wKNDW9JEw,#shorts #이세계아이돌 #주르르 #jururu #헤어피스 #보브컷 #포니테일 #c컬,2023-06-02T09:53:13Z
왁타버스 WAKTAVERSE,,6z-ImTpUz48,마라탕이 맛없는 비챤 - 이세돌 핫클립,2023-06-01T19:00:03Z
미인지,,VDOZhks2EE0,이유있는영상 | 이세계아이돌-겨울봄 팬메이드 뮤직비디오 강희 cut,2023-06-01T05:13:53Z
하냔,,WY8OQ_lvJSI,【07년생이 부른】 ❄️ 겨울봄 (Winter Spring) - 이세계아이돌 (ISEGYE IDOL) Cover 🌸,2023-05-31T11:39:22Z
비챤의 나랑놀아,,S6PHowLidOs,리와인드 떼창 실화냐,2023-05-29T16:18:27Z
유능한냉장고,,3DSzKSE4ur0,DANCE | 이세계 아이돌 리와인드 | RE:WIND  #이세계아이돌 #리와인드 #방탄소년단 #춤 #rewind,2023-05-29T12:26:10Z
주르르 JURURU,,MKDOUU3AJ0c,(몰카) 이세계아이돌에게 돈을 빌려보았다!!,2023-05-26T09:15:01Z
야니 YARNY,,AYp7noae0Nk,이세계아이돌 팬영상) UNION HEARTS (이세돌의 마음을 모아서)  (원제:원피스OST 夜明け前) #이세돌 #이세계아이돌 #팬영상 COVER 풀버전은댓글링크에  #shorts,2023-05-25T12:35:33Z
뮤직아지트 : MUSIC AGIT,,_XY70--JSyI,아주~ 킹아‼ #이세계아이돌 #ISEGYEIDOL #리와인드 #REWIND #shorts,2023-05-25T02:35:35Z
잼민이,,rlcRBD6oOBk,이세계 아이돌 비챤 키링 언박싱,2023-05-24T10:05:25Z
리브 LIV,,4k0w7-8STvI,[COSPLAY DANCE] 이세계아이돌 LOVE DIVE 코스프레 커버댄스,2023-05-24T05:47:02Z
왁타버스 WAKTAVERSE,,A3Fqk0LTHkE,이세돌 엄크모음,2023-05-23T18:00:06Z
PRISM,,x_ohOLf-Io0,이세계 아이돌 - RE : WIND ˚.♡⃛⸝ | 커버보컬팀 𝐏𝐑𝐈𝐒𝐌 . • · ̟*.❄,2023-05-22T13:00:09Z
ExoticBankai Reaction,,UIiCLv5oJqY,이세계아이돌 ISEGYE IDOL [MV] Idol 아이돌 (최애의 아이 OP)｜Cover by Jururu주르르 (feat. Vlichan비챤) Reaction,2023-05-19T08:44:44Z
아크팩토리,,6K9YNm86Gz8,이세계 아이돌 &#39;릴파&#39; 반지갑 만들기 (#shorts),2023-05-19T03:30:02Z
행자아Haengjaa,,rxDAFXUTgGs,RE:WIND - 이세계아이돌 (cover.행자아/의그녀),2023-05-18T18:08:01Z
숲튽훈,,5dZTlCDc9Sc,이세계 아이돌 주루룩(?) 화이팅 #shorts,2023-05-18T08:57:00Z
우왁굳의 돚거,,0aDO7ZP5N0Y,이세계 아이돌 비방 회의 때 모습 사장이 직접 풉니다,2023-05-16T18:13:16Z
징버거 JINGBURGER,,-CJa1On8gh4,징버거 NEW아바타 공개!,2023-05-13T11:00:00Z
AI COVER,,X0DcNJ2ENsY,아이유 (IU) - 겨울봄 (AI COVER) (Original By 이세계아이돌 (ISEGYE IDOL)),2023-05-12T13:01:00Z
우마이우타 うまいうた,,qI9pxZ4YQ6o,이세계아이돌 - 리와인드(Rewind) 커버,2023-05-12T11:36:11Z
Li a,,Z_Fo5rC-fHQ,이세계 아이돌 [아이네] 스피드 페이팅,2023-05-11T12:55:34Z
동심파괴,,OlGyuKpJX0Y,얼공? 오히려 좋아 버튜버 레전드 대처법 #shorts,2023-05-11T03:33:00Z
KGame / Kinkyu,,ueItzRHLhxo,이세계아이돌 - RE: WIND (KGame REMIX) #shorts,2023-05-09T10:06:33Z
고랴니,,xlvPh78R5ps,이세계아이돌 RE:WIND 응원봉 #shorts #이세계아이돌 #이세돌 #아이네 #징버거 #릴파 #주르르 #고세구 #비챤 #리와인드,2023-05-07T07:02:34Z
인싸초딩TV[K-POP_MUSICAL],,R8bn9wcH5Lg,수학쌤이 부른 이세계 아이돌 Rewind,2023-05-06T09:35:52Z
남구,,4LBvCwxbPTI,이세계 아이돌 남구 &quot;이세남&quot;,2023-05-05T10:06:32Z
혜렁이,,JbRi-8wkNuo,따따 따라라라 따 (feat. 이세계 아이돌),2023-05-02T12:00:11Z
고세구 GOSEGU,,cg_2b26fSRA,코스프레 행사장에 나타난 왁굳님 -고간다,2023-04-30T20:16:25Z
미즐리 나잇,,xaTGG7zhO1I,이세계 아이돌 - RE : WIND | 커버 보컬 팀 Mizzly Night 🌙,2023-04-28T12:30:25Z
비챤의 나랑놀아,,4xZlJwky5WQ,남자 고등학생이 가장 좋아하는 아이돌,2023-04-27T12:23:19Z
삐꾸,,oTHa7qsFUAY,[이세계아이돌]뉴버거 팬아트 타임랩스,2023-04-23T07:23:17Z
악에양,,hExgkyK3Fqw,[𝐏𝐥𝐚𝐲𝐥𝐢𝐬𝐭]💖내가 좋아하는 👶왁타버스 🎵노래 플레이리스트,2023-04-22T15:00:28Z
묭,,rV0SmS_Hxi0,겨울봄(Winter Spring) 이세계 아이돌 💗 묭 Cover,2023-04-22T13:00:07Z
CG맨,,Af632kXcpJY,회사가 아닌 팬들이 만든 홍련화를 본 CG인 반응 #이세계아이돌 #이세돌 #고세구 #홍련화,2023-04-21T03:48:20Z
냠딩,,3RvPIaHqfhg,이세계아이돌 - 겨울봄 커버 현실ver #shorts,2023-04-13T07:45:00Z
헤이데이 Heyday,,HAc51fbo8FI,온라인콘서트 10만명이 본다는 &#39;국내 최초 버츄얼 걸그룹&#39;의 안무가 | 헤이터뷰 With 장미,2023-04-08T03:00:14Z
JG (정현's기타연습장),,sI3Ma9G-KfA,이세계 아이돌 노래에 기타솔로를 넣어보자!! #shorts #이세계아이돌 #우왁굳 #왁타버스,2023-04-06T14:38:42Z
[starlight]-별빛나날,,2nd_ncTGCsM,리와인드 포인트 연주#이세계아이돌,2023-03-26T09:39:23Z
이세계,,264GJJamL1E,이세계아이돌 막내 비챤,2023-03-21T14:30:45Z
샤로즈,,XKvv0uZv5Hw,【 6人+6人 】 But You Want More - 이세계아이돌(ISEGYE IDOL)  |  cover,2023-03-11T13:00:10Z
나는안솝,,Br2slGz7Tr4,"이세계 아이돌 릴파님 생일 카페 방문 / 릴파에이드, 릴파쿠키 성공!",2023-03-10T15:19:16Z
GongJuZ,,TDMlJC7kuK8,[🩰GongJuZ] 이세계아이돌 (ISEGYE IDOL) - 겨울봄 (Winter Spring),2023-03-08T03:00:09Z
Feel그림 [필그림],,ky6aLJ4XNEI,앗! 야생의 비챤이 나타났다! #Shorts #비챤 #이세계아이돌 #이세돌,2023-03-13T04:48:31Z
카인 폰 실폰드,,6leQwviX2f0,이세계아이돌 수녀,2023-03-12T10:04:19Z
이세계,,XSX6Q7N9FOU,르르땅 이세계아이돌 주르르에 대하여,2023-03-11T00:00:11Z
Feel그림 [필그림],,eXZ0oCvyptw,앗! 야생의 주르르가 나타났다! #Shorts #주르르 #이세계아이돌 #이세돌,2023-03-07T23:02:38Z
엽엽,,TSZS8tpoSiI,이세계아이돌 - 겨울봄 (F.M/V) (A short fan music video.) 킹아~,2023-03-07T03:30:07Z
Gretel 그레텔,,Tka-iBapLqI,이세돌 겨울봄 l 이세계아이돌 겨울봄 안무창작,2023-03-06T02:48:12Z
HIYO,,9lacvt6rgcI,[COVER] 이세계아이돌 - RE : WIND,2023-02-28T13:52:54Z
릴파 lilpa,,Bc_9ebjuWtc,선생님 코 닦아주세요~ 선생님 몇살이에요? 선생님 모쏠이에요? 선생님 울어요?,2023-02-26T09:58:15Z
은송 love♥,,tKGCuXbSt10,이세계아이돌리와인드안무 #youtubeshorts #shorts#04년생#20살#리와인드#REWIND #ISEGYEIDOL#안무 #이세계아이돌#치마 #크롭티#커버춤,2023-02-24T12:12:40Z
가루별,,Prk7TshBV6c,『가루별』 겨울봄(Winter Spring) - 이세계 아이돌(ISEGYE IDOL) | cover,2023-02-24T09:00:11Z
우왁굳의 돚거,,LS3SVY7nHk4,고세구 홍련화 - 우왁굳 반응,2023-02-23T03:30:07Z
고세구 GOSEGU,,uG91iq0AzKM,[MV] 귀멸의 칼날OP - 홍련화(紅蓮華) ｜Cover by 고세구,2023-02-22T13:22:09Z
왁타버스 WAKTAVERSE,,LVvCQU0GqvQ,이세돌 끼리 서로 순위매기는 컨텐츠,2023-02-22T12:00:45Z
글로리아엘Gloria L.,,SK8BNz_4Y4w,이세계 아이돌 (ISEGYE IDOL) - RE:WIND (리와인드) 피아노│악보 (Sheet),2023-02-22T06:22:11Z
리뷰왕병호몬,,Zdw9zcKIGec,이세계 아이돌 [리와인드] - 지옥맛과 천국맛,2023-02-22T04:39:41Z
룬🧸roon RE:WIND,,J299mp7d8WY,이세계아이돌 단체커버곡 조회수 순위,2023-02-21T04:00:15Z
천타쿠 Sentaku,,3E7eTCYliRw,RE: WIND｜리와인드 【이세계아이돌】 / Band Cover by Sentaku,2023-02-18T10:00:02Z
이제이든 EJden,,M8ajd6td6uw,겨울봄 (Winter Spring) - 이세계아이돌 (ISEGYE IDOL) | 원신 하프 커버,2023-02-15T13:15:16Z
Lisiret 리시렛,,gYg46khe25g,【Lisiret × 4人】 이세계아이돌 (ISEGYE IDOL) - 리와인드 (RE:WIND)  6인 Cover,2023-02-14T11:00:07Z
류채경,,NqNwTETDUvQ,선생님 이세돌 아시나요?#이세계아이돌,2023-02-12T09:30:06Z
예비니이,,5OF8mbnr1jA,겨울봄 - 이세계아이돌 [COVER.예비니이],2023-02-12T06:02:51Z
에플키위,,BkXcPrdSLBk,【Collaboration】 이세계아이돌(이세돌) - 리와인드 (RE:WIND) 6인 COVER,2023-02-11T13:45:11Z
제스처,,4EkbwkJBh78,NEW 한국 버튜버 3대장 총정리,2023-02-11T03:48:45Z
RojoArt,,T2RJvIcb8bk,징버거 팬아트 #이세돌 #징버거 #이세계아이돌 #우왁굳 #일러스트,2023-02-10T12:13:15Z
비챤 VIichan,,qXTHabqtPRM,어둠의 빵떡자매,2023-02-08T06:54:48Z
왁타버스 WAKTAVERSE,,Iu5jZLGpCIo,이세계아이돌 마법소녀 웹툰 캐릭터 디자인 공개 및 1화 공개,2023-02-07T09:12:13Z
고랴니,,yeL--nZDArg,이세계아이돌 RE:WIND 애니메이션💜 #shorts #이세돌 #이세계아이돌 #리와인드,2023-02-07T01:41:03Z
아소 あそ,,mjkVc5874Yc,소속 아이돌 기강잡는 사장님 #이세돌 #이세계아이돌 #우왁굳 #코스프레,2023-02-06T04:06:34Z
모모 개인채널,,qwJYQ-Kn8X0,이세계아이돌 팬 평균 고세구님 반응,2023-02-02T18:25:42Z
인지,,pyJxO-jvIzA,이세계아이돌 카카오 웹툰 애니화 [ISEGYEIDOL] FAN ANIMATION,2023-02-02T13:26:44Z
RojoArt,,-_bMQkijWqk,릴파팬아트 #timelapes #drawing #이세돌 #이세계아이돌 #릴파 #lilpa,2023-01-31T07:57:26Z
RojoArt,,WOodT-TxMIA,주르르팬아트💕 #이세돌  #주르르 #이세계아이돌,2023-01-30T03:22:44Z
nacoco music,,cYs4rIAydf0,리와인드를 기타로 쳐보았다 | 이세계아이돌 (RE:WIND) COVER,2023-01-29T08:53:23Z
Drawing,,Bs5_HzXEkTE,이세계 아이돌 징버거를 그려봤다,2023-01-26T07:58:38Z
징비Jingbi,,plpkp_X2BaE,(이세계아이돌)비챤(님) 포카포장하기!#컨셉#자작#포장#포토카드#비챤#이세돌,2023-01-26T06:16:07Z
Drawing,,Kr8XbucWq5E,이세계 아이돌 아이네를 그려봤다,2023-01-25T02:37:20Z
징버거 JINGBURGER,,tT-kuonVzfY,[MV] STAYㅣ 징버거 COVER,2023-01-20T13:30:08Z
UNICA,,uzvlzkGmT8Q,일반인 여덟 명이 이세계 아이돌 리와인드를 부른다면?,2023-01-20T08:34:15Z
기타윤,,ovrXhu_R_Ew,이세계 아이돌 - RE:WIND,2023-01-20T01:15:16Z
UNICA,,ymVPfHHMia4,커버 보컬 팀 UNICA ⁺₊˚✧ 이세계아이돌(ISEGYE IDOL) - 리와인드(RE:WIND),2023-01-18T13:00:32Z
Neflare,,VtSbP_gTqv0,Me listening to my Unorganized Isegye Idol playlist 이세계아이돌 ISEGYE IDOL,2023-01-17T19:32:42Z
RageSpeak,,ynBRJS5-3g8,끝내 가이드 못 구한 이세계 아이돌 웹툰 탈락곡,2023-01-16T17:47:50Z
주원탬의 고로시 채널,,ov9wv9ubLUk,(공포)이세계아이돌 아이네에 관한 5가지 미스테리,2023-01-15T15:36:11Z
야니 YARNY,,NByNaVzWp3M,이세계아이돌 팬영상) 명월의 사자 릴파 28호 개사 커버 (원제 : 태양의 사자 철인 28호) METAL VER. COVER,2023-01-14T14:18:22Z
이루_iru,,irVchhR4NLM,⌁❤︎⌁meme|이세계아이돌_lilpa x ine_[이루_iru],2023-01-13T07:51:54Z
DθAN,,ugXj_YyFQ7s,이세계 아이돌 - 겨울봄 MR제거 High Quality (화음 O),2023-01-05T17:57:41Z
헤이데이 Heyday,,_4Fl7tNk4e0,"보컬전공 걸그룹 출신도 충격받는 이세계아이돌 발라드 클라스 ㄷㄷ (겨울봄, BTS 전하지 못한 진심 리액션)",2023-01-05T09:00:14Z
오타쿠리,,wSo78BadYR0,해피뉴이열^~^ #이세계아이돌 #주르르 #cosplay,2023-01-01T05:12:15Z
김코디,,s2U6muDmiyQ,이세계 아이돌 - 겨울 봄 (Winter Spring) Male Cover.,2022-12-31T06:00:16Z
이하렌,,UJ7hqFvRuX0,이세계 아이돌 - 리와인드 (RE:WIND) 1시간,2022-12-24T00:16:42Z
ER_이알,,Q1Yirx6h7rg,【8人 COVER】 이세계아이돌 (ISEGYE IDOL) - 리와인드 (RE:WIND),2022-12-23T09:00:09Z
달소,,1czrdPAUxTo,[팬뮤비]이세계아이돌x하쿠0089🎄 It&#39;s Beginning To Look A Lot Like Christmas🎄,2022-12-19T15:00:24Z
피칠갑,,L8o8opfC1PU,[이세계 아이돌] 고세구 콘서트 팬아트,2022-12-19T10:47:41Z
도비비 DovIvI,,-cex9DlgAhM,RE:WIND - 이세계 아이돌(ISEGYE IDOL) | DovIvI Cover,2022-12-17T00:59:30Z
고단씨 Godanssi,,HaO8JTBydZA,이세계 아이돌 공모전 탈락곡 - PLAY! (Song by U32),2022-12-13T11:38:54Z
주르르 JURURU,,EN9_I2VY510,뉴르르 드디어 공개합니다~!!!!,2022-12-13T09:00:08Z
달냥의 스킨 갤러리,,su8MvGKhZp8,이세계아이돌 - 고세구님 마크스킨 만들기! #마인크래프트 #이세돌 #고세구,2022-12-10T05:21:29Z
이훈상,,VdeTfSbFn0s,이세계 아이돌 TMI 10가지 2,2022-12-04T09:00:24Z
심심한남궁잇부지,,J7o32iKoxkE,이세계 아이돌 릴파 홀로그램,2022-11-26T13:39:14Z
임하밍,,70Jm6XiQiPg,이세계아이돌 - 겨울봄(Winter Spring)｜Cover by 임하밍,2022-11-22T12:00:09Z
대학가고싶어,,uEahL93Wc9E,이세계아이돌,2022-11-20T07:14:23Z
은또롱,,xPiM0Ge0-Rg,이세계 아이돌 아이네 불법 피규어 만들기,2022-11-18T13:43:17Z
은또롱,,ragWAxddC5I,[이세계 아이돌] 이세돌 징버거 피규어 만들기 / [Isegye idol] Making Jingburger figures,2022-11-17T09:32:24Z
루니[Voice Casting Channel],,QPTtU396k1I,【이세계아이돌(RE:WIND)X프리파라】프리파라&quot;RE: WIND&quot;보이스캐스팅,2022-11-12T11:00:11Z
클립라이트,,kl9kgs3zGTU,(광고)와! 이세계아이돌 6인 합방! 와! 세돌워치2,2022-11-08T09:00:33Z
왁타버스 WAKTAVERSE,,20u7nfV9S2w,이세돌 숙소에서 발견된 소주,2022-10-30T16:30:05Z
Recci_레시,,YxzgKTG4oW4,[이세돌] 이세계아이돌 &quot;6인&quot; 인어디블 리믹스 Inaudible Remix,2022-10-29T08:27:25Z
Chamonix17,,Vjuuqhj56RA,[반응영상 추가] 이세계아이돌 (ISEGYE IDOL) - 리와인드 (RE:WIND) Band ver.,2022-10-28T00:07:50Z
샤로즈,,I9QzHpHXjm8,【 샤세돌 】 RE : WIND - 이세계아이돌(ISEGYE IDOL)  |  cover,2022-10-22T13:00:07Z
에스프레소,,iFckatRl3hw,[NoSk!Ban] 이세계아이돌 300일 기념관 BGM (이세계아이돌 피아노 메들리),2022-10-12T19:04:25Z
글로리아엘Gloria L.,,6BAvy3-nPnk,이세계아이돌 (ISEGYE IDOL) - RE:WIND (리와인드) ﻿쉬운 피아노 Easy Piano ver. + 악보 (Sheet) / 글로리아엘 (Gloria L.),2022-10-05T14:22:04Z
이종범의 웹툰스쿨,,il9_GNHYxh0,이세계 아이돌 웹툰으로 연재된다,2022-09-28T03:00:15Z
양베이,,tuhoIhRbDIw,제페토뮤직비디오. 이세계아이돌. 리와인드,2022-09-18T00:59:49Z
왁타버스 WAKTAVERSE,,l8e1Byk1Dx0,"TRUE LOVER (트루러버) - (해루석, 히키킹, 권민)(ft.행주) - 고멤가요제 이세계오빠들",2022-09-17T16:00:10Z
강튀,,-CetE7RiPjQ,겨울봄 (Winter Spring) – 이세계아이돌 (ISEGYE IDOL) 피아노 악보,2022-09-16T16:25:31Z
Chamonix17,,bVXfLIyOoiY,[반응영상 추가] 이세계아이돌 - But you want more Band ver.,2022-09-14T11:23:19Z
박다혜dahye,,1w2rF4PytsI,💜듣기는 좋은데 부르기는 어려운 노래 1등ㅋㅋ ㅠ,2022-09-07T13:15:24Z
영상주작가,,VESeRmoXYXc,이세계아이돌 x 아이브 LOVE DIVE (러브 다이브) 비교 영상,2022-09-06T05:28:46Z
밍무MiM,,CfoYJ6WD4U0,이세계아이돌 (ISEGYE IDOL) - 리와인드 (RE:WIND) Dance Cover💚,2022-09-05T12:36:58Z
왁타버스 WAKTAVERSE,,Brf3LWwNVTk,LOVE DIVE 이세계아이돌 COVER - [IVE(아이브) - 러브다이브] (isegye idol),2022-09-05T03:30:10Z
왁타버스 WAKTAVERSE,,21trg6DfzX8,풍선 (이세계아이돌 COVER) + 1주년 감사인사!,2022-08-28T14:16:15Z
이훈상,,t1QKW18gg0Y,이세계 아이돌 TMI 120가지,2022-08-28T03:00:30Z
왁타버스 WAKTAVERSE,,dtSMRvIpzJw,LOVE DIVE Teaser 이세계아이돌 COVER - [IVE(아이브) - 러브다이브],2022-08-26T16:59:17Z
센 千,,ryMTmSmRYOY,17人 DANCE 이세계아이돌 (ISEGYE IDOL) - 리와인드 (RE:WIND) DANCE COVER,2022-08-26T10:00:42Z
괴인003호 / Villain003,,ernh5MsokvY,[이세계 아이돌 1주년 축하 M/V]  We Are Always Here,2022-08-25T15:37:35Z
왁타버스 WAKTAVERSE,,TYB9ScXvq34,우마무스메 - 우마뾰이 전설 COVER by 이세계 아이돌 [ウマ娘 -うまぴょい伝説],2022-08-22T17:05:33Z
JOB+교양,,_qLawGePjhI,이 세계 아이돌 뒤에는 유니티가 있다? #shorts,2022-08-19T01:43:08Z
LIKEY Originals,,pAf2RQEFucU,#이세계아이돌 #리와인드 Challenge✨ #클락 #서영 #비스크돌 #喜多川海夢,2022-08-16T12:44:04Z
BinBinBin,,ThkqpQZPZvI,이세계아이돌 (ISEGYE IDOL) - 리와인드 (RE:WIND) (Color Coded Lyrics Han/Rom/Eng/가사),2022-08-16T00:31:31Z
왁타버스 WAKTAVERSE,,oo1wKkT3cpI,[공모] 이세계아이돌 x 카카오페이지 웹툰화 결정!,2022-08-12T07:04:27Z
왁타버스 WAKTAVERSE,,_TuZHL6P-6M,이세계아이돌 RE:WIND를 마인크래프트로?,2022-08-08T08:02:12Z
싸톡 science dtalks,,rX1v0Hjr7jg,국내 최초 버추얼 걸그룹 이세계아이돌 ㄷㄷ #shorts,2022-08-05T03:00:19Z
겟EAT쿠키! | 겟잇쿠키,,39KX1azWJ3c,아나운서가 이세계 아이돌을 보고 느낀 반응은? | 이세계 아이돌 - RE :WIND 뮤직비디오 리액션,2022-08-13T09:00:02Z
얏따 Isekai_yattaa,,ALSW3h5RjwY,"홀로라이브, 니지산지, 이세계아이돌, 그리고 농심..?",2022-08-08T09:00:09Z
GrooveGuitar 광주그루브기타,,S2ceMTRZz6M,[7강] RE:WIND 이세계아이돌 리와인드 Fingerstyle Sungha Jung tutorial TAB 광주그루브기타 정성하악보 이세계아이돌 타브악보,2022-07-30T14:30:08Z
GrooveGuitar 광주그루브기타,,EnkjgkK2vSg,[2강] RE:WIND 이세계아이돌 리와인드 Fingerstyle Sungha Jung tutorial TAB 광주그루브기타 정성하악보 이세계아이돌 타브악보,2022-07-30T13:46:51Z
GrooveGuitar 광주그루브기타,,ONZEeQo6rnY,[1강] RE:WIND 이세계아이돌 리와인드 Fingerstyle Sungha Jung tutorial TAB 광주그루브기타 정성하악보 이세계아이돌 타브악보,2022-07-25T17:12:14Z
달소,,j443esPrrkc,[팬뮤비]이세계아이돌 X 미츠네하쿠 - 🌞SUMMER TIME😎,2022-07-25T15:12:41Z
왁타버스 WAKTAVERSE,,qtOicogZypY,이세돌 전원 페이셜 장착!,2022-07-20T05:19:01Z
석키너의 덕질상자,,kaH9jTVupeQ,이세계아이돌-겨울봄 4K MV(unofficial),2022-07-12T06:59:13Z
이유있는극장,,te5rNAG99bs,7.5화 이세계아이돌 (ISEGYE IDOL) - 겨울봄 (Winter Spring) MV Teaser FAN MADE,2022-07-11T07:18:01Z
간장맛막대기,,7dvqonjKARM,【이세계 아이돌 MMD】 그것이 당신의 행복이라 할지라도,2022-07-07T18:34:00Z
미장센 Mr. Jean sen,,55rn3UR1fyk,노래추천 BTS-전하지 못한 진심 (이세계아이돌X해루석 COVER),2022-07-04T01:16:39Z
왁타버스 WAKTAVERSE,,pl38om066m0,BTS - 전하지 못한 진심 (이세계아이돌 x 해루석 COVER) [The Truth Untold],2022-07-02T14:45:10Z
이세돌 언젠간 담군다,,AwfJbDjfbng,이세계아이돌 리와인드 멜로디 표절 의혹,2022-07-02T10:17:52Z
두칠이의게임방송,,t91fqXVYWpM,메이플스토리에서 이세계아이돌과 고멤분들을 검색해봤습니다,2022-07-02T03:27:48Z
이유있는극장,,FLWiDQfOepA,7화 이세계아이돌 (ISEGYE IDOL) - 겨울봄 (Winter Spring) 실사 MV 촬영장 스케치 / FAN MADE,2022-06-30T10:00:11Z
주원탬의 고로시 채널,,5kU8d9d5IHs,이세계아이돌 아이네의 어딘가 이상한 10가지 TMI,2022-06-28T10:00:02Z
간장맛막대기,,zttQY43aY0k,【이세계 아이돌 MMD】 ELECT | 아이네,2022-06-27T15:42:46Z
간장맛막대기,,gX_FX_9k-s8,【이세계 아이돌 MMD】 Classic | 아이네,2022-06-25T14:14:02Z
PINN,,mlYUe_deyfA,[Painting Process] 이세계아이돌 - 아이네,2022-06-19T05:45:38Z
생활변화관측소,,3BIDCVgrpgE,"회사 선배에게 이세돌을 소개해 보았습니다. | 이세계 아이돌 MV리뷰, 이세돌 반응",2022-06-17T09:00:01Z
럭몽,,bAwoqOon6B4,이세계 아이돌 비챤님을 위한 마크 팬아트,2022-06-16T17:12:41Z
왁타버스 WAKTAVERSE,,xQfDxEkCiKI,가짜 아이네 #Shorts,2022-06-12T11:18:33Z
김치만두번영택사스가,,A6YJSG4RBFw,이세계아이돌 주르르 생일 기념 3D 피규어 프로젝트,2022-06-09T20:00:01Z
Yozora Records,,j14mgFMAOls,이세계아이돌 (ISEGYE IDOL) - 겨울봄 (Winter Spring) (2d_end Remix) | Lyrics Video,2022-06-08T13:00:12Z
주원탬의 고로시 채널,,lQG2QpD0qGg,이세계아이돌 겨울봄에 숨겨진 슬픈 이야기 (+우왁굳 반응),2022-06-07T10:00:21Z
잠마 JAMMA Ch,,zscOVZtgSqg,🎵 ISEGYE IDOL Playlist - 이세계 아이돌 입덕분들을 위한 이세돌 6인 노래 모음집 🎵,2022-06-06T13:14:50Z
생활변화관측소,,8KGfkzgIZRw,&quot;이세돌&quot;이란 무엇인가? 아재도 10분만에 이해하는 이세계 아이돌! feat. 버츄얼 유튜버 1타강사,2022-06-03T09:05:24Z
주원탬의 고로시 채널,,03khc_8WNc8,(주르르 반응) 당신이 모를 수밖에 없는 이세계아이돌의 8가지 TMI,2022-06-02T22:00:00Z
주원탬의 고로시 채널,,WYRsLpYXJTM,이세계아이돌은 왜 성공했을까? - 퍼스널브랜딩의 중요성에 대해,2022-06-02T09:22:17Z
주원탬의 고로시 채널,,0HwyYplbxZA,당신이 모를 수밖에 없는 이세계아이돌의 8가지 TMI,2022-06-01T10:00:00Z
주원탬의 고로시 채널,,MtLC7tAmcYY,(아이네 반응) 일본 라디오에 등장한 이세계아이돌,2022-05-31T10:00:22Z
주원탬의 고로시 채널,,kfrtjcAkxTg,(릴파 반응) 일본 라디오에 등장한 이세계아이돌,2022-05-30T22:00:17Z
HUBOG,,YTRAFrcg1NI,겨울봄 (Winter Spring) 남자커버,2022-05-29T04:00:13Z
가루별,,-8Pm4qWCZPc,『가루별』 RE:WIND - 이세계 아이돌(ISEGYE IDOL) | cover,2022-05-20T09:00:00Z
히나시스 hynaxis,,Oc59AVD99Fc,RE:WIND 이세계 아이돌 I Cover by hynaxis,2022-05-19T09:04:39Z
왁타버스 WAKTAVERSE,,qSebJ36rUrs,누가 가장 쫄보일까?? - 이세돌 파피 플레이타임 모음집,2022-05-17T10:34:46Z
징버거 JINGBURGER,,e76SNnziE1k,이세계아이돌 주르르 논란 #Shorts,2022-05-12T09:52:23Z
쿠앤크맛,,gmxNl5si0IA,RE:WIND (리와인드) - 이세계 아이돌 | 마인크래프트 노트블럭 연주,2022-05-11T09:00:15Z
왁타버스 WAKTAVERSE,,Empfi8q0aas,이세돌 싸이퍼 - ISEGYE IDOL CYPHER,2022-04-22T15:54:53Z
사과,,VVITtwPKW-E,이세돌 싸이퍼 (우왁굳 반응),2022-04-22T15:56:34Z
MINATO,,-3dgx4c7FJs,이세계아이돌(ISEGYEIDOL) - RE:WIND Band Cover,2022-04-22T09:12:53Z
B&Y퇴근버스,,L9wvfZWsRYA,이세계 아이돌 - 겨울봄 (Full ver. Cover),2022-04-21T09:25:34Z
6습,,YoiwLie-VeQ,이세계 아이돌 - RE:WIND 노트블럭 버전 | JMC 눕프핵  해커,2022-04-14T09:22:44Z
Charming Jo 조매력,,3FtICSn3lOI,마크 노트블럭 눕 프로 해커 [이세계아이돌편],2022-04-14T09:00:01Z
영상주작가,,3FEvEBM4kZo,이세계아이돌 멤버 흡연 게이트 - 비챤 충격 폭로 기자회견,2022-04-11T07:52:56Z
새우새우 노래노래,,zF3B8q5clnA,이세계아이돌 - 겨울봄 (Winter Spring) Cover (Piano Ver.)｜새우새우,2022-04-10T10:30:34Z
왁타버스 WAKTAVERSE,,_TnZhF-5o6Y,이세돌도 처음 봤던 겨울봄 MV 공개 리액션,2022-03-14T16:32:00Z
뮤브 MueVE,,yyi6ToxoGSQ,이세계아이돌 (ISEGYE IDOL) - 겨울봄 (Winter Spring) COVER 【뮤브 MueVE】 #Shorts,2022-03-14T12:33:38Z
옹고집,,_PjoZ_Arrf8,이세계 아이돌 3집 박제 #shorts,2022-03-13T17:05:07Z
K.h - Anime Piano Sheet,,JKhCPp01NHw,겨울봄(Winter Spring) - 이세계 아이돌(ISEGYE IDOL) [Piano tutorial + Sheet],2022-03-13T13:34:16Z
Qver,,s6LJ-QFS5c8,겨울봄 (Winter Spring) - 이세계아이돌 (ISEGYE IDOL) | 런치패드 라이트쇼 커버,2022-03-13T10:19:12Z
자유로운 공간 / FreeSpace Piano,,_pt0EaVuTBQ,겨울봄 (Winter Spring) - 이세계아이돌 (ISEGYE IDOL) | 피아노 커버 (+ 악보),2022-03-12T09:23:37Z
Gretel 그레텔,,E3a5XgHBuNE,이세계 아이돌 Re : Wind 댄스 커버 ㅣ 이세돌 리와인드 안무,2022-03-12T06:32:45Z
김쿠마 Kuma Kim,,1My4BoZTWHA,[Piano] 겨울봄 - 이세계아이돌 / Winter Spring (악보),2022-03-12T04:00:00Z
ISEGYE IDOL - Topic,,RbysxH3gt-Q,겨울봄 (Winter Spring),2022-03-11T09:05:12Z
왁타버스 WAKTAVERSE,,JY-gJkMuJ94,겨울봄 (Winter Spring) MV - 이세계아이돌 (ISEGYE IDOL),2022-03-11T09:00:12Z
뢴트게늄원픽,,JQs16xDxd5Y,"리와인드 (RE:WIND) 남세돌 Edition - 반응 ( 우왁굳 , 비챤 , 징버거 , 아이네 ,릴파 , 고세구 )",2022-03-08T13:54:51Z
유영yooyoung,,Wi4Tr24hMJ8,이세계 아이돌 - RE : WIND (Isegye Idol - RE : WIND) guitar solo,2022-03-05T13:12:15Z
HUBOG,,jgSIDI_h6bI,리와인드 (RE:WIND) 남자커버,2022-03-05T08:30:12Z
뢴트게늄원픽,,McfnX4ATk1U,이세계아이돌 릴파 코카인 ㄷㄷ #Shorts,2022-02-27T12:32:44Z
왁타버스 WAKTAVERSE,,j035clmGZ1g,이세돌 재채기 모음집,2022-02-27T08:06:15Z
sumin,,zX0e1dWKpQA,[piano] 이세계아이돌 (ISEGYE IDOL) - 리와인드 (RE:WIND),2022-02-26T03:22:55Z
왁타버스 WAKTAVERSE,,kNPykP_9wOQ,It&#39;s Beginning To Look A Lot Like Christmas - Cover by 이세계아이돌 (isegye idol),2021-12-23T12:00:14Z
ISEGYE IDOL - Topic,,ZuttYdmPfzU,RE : WIND,2021-12-17T02:59:00Z
왁타버스 WAKTAVERSE,,fU8picIMbSk,장난기 기능 (おちゃめ機能) - [이세계아이돌 Cover] (hololive hommage),2021-09-12T15:43:17Z
